Survived,Age,Fare,Missing Data,1,2,3,C,Q,S,female,male
284,1,19.0,8.05,1,0,0,1,0,0,1,0,1
502,0,21.0,7.75,1,0,0,1,0,1,0,1,0
15,0,14.0,7.8542,1,0,0,1,0,0,1,1,0
767,0,,39.6,1,1,0,0,1,0,0,0,1
347,1,40.0,13.0,1,0,1,0,0,0,1,1,0
180,0,36.0,0.0,1,0,0,1,0,0,1,0,1
269,1,58.0,153.4625,0,1,0,0,0,0,1,1,0
274,0,37.0,29.7,0,1,0,0,1,0,0,0,1
40,1,14.0,11.2417,1,0,0,1,1,0,0,1,0
531,1,2.0,26.0,1,0,1,0,0,0,1,1,0
441,1,45.0,26.25,1,0,1,0,0,0,1,1,0
545,0,50.0,106.425,0,1,0,0,1,0,0,0,1
160,0,,69.55,1,0,0,1,0,0,1,0,1
622,1,42.0,52.5542,0,1,0,0,0,0,1,0,1
716,0,19.0,7.65,0,0,0,1,0,0,1,0,1
460,0,,7.75,1,0,0,1,0,1,0,0,1
424,0,28.0,14.4,1,0,0,1,0,0,1,1,0
337,0,29.0,66.6,0,1,0,0,0,0,1,0,1
852,0,74.0,7.775,1,0,0,1,0,0,1,0,1
593,0,47.0,7.25,1,0,0,1,0,0,1,0,1
133,0,47.0,14.5,1,0,0,1,0,0,1,1,0
757,0,28.0,7.7958,1,0,0,1,0,0,1,0,1
528,0,,221.7792,0,1,0,0,0,0,1,0,1
315,0,43.0,26.25,1,0,1,0,0,0,1,0,1
636,1,28.0,13.0,1,0,1,0,0,0,1,1,0
501,0,17.0,8.6625,1,0,0,1,0,0,1,0,1
118,0,29.0,21.0,1,0,1,0,0,0,1,0,1
17,0,2.0,29.125,1,0,0,1,0,1,0,0,1
817,0,23.0,7.925,1,0,0,1,0,0,1,1,0
587,0,47.0,15.0,1,0,1,0,0,0,1,0,1
871,0,26.0,7.8958,1,0,0,1,0,0,1,0,1
456,1,29.0,7.8958,1,0,0,1,1,0,0,0,1
256,1,29.0,15.2458,1,0,0,1,1,0,0,1,0
67,1,29.0,10.5,0,0,1,0,0,0,1,1,0
74,0,26.0,14.4542,1,0,0,1,1,0,0,0,1
381,1,42.0,227.525,1,1,0,0,1,0,0,1,0
63,0,45.0,83.475,0,1,0,0,0,0,1,0,1
219,1,32.0,76.2917,0,1,0,0,1,0,0,1,0
375,0,3.0,21.075,1,0,0,1,0,0,1,1,0
512,0,,8.05,1,0,0,1,0,0,1,0,1
304,1,,12.35,0,0,1,0,0,1,0,1,0
254,0,30.0,16.1,1,0,0,1,0,0,1,0,1
730,0,25.0,7.925,1,0,0,1,0,0,1,1,0
181,0,,69.55,1,0,0,1,0,0,1,1,0
266,0,36.0,10.5,1,0,1,0,0,0,1,0,1
4,1,35.0,53.1,0,1,0,0,0,0,1,1,0
325,0,,69.55,1,0,0,1,0,0,1,0,1
633,1,32.0,30.5,0,1,0,0,1,0,0,0,1
306,1,0.92,151.55,0,1,0,0,0,0,1,0,1
523,0,,7.225,1,0,0,1,1,0,0,0,1
635,0,9.0,27.9,1,0,0,1,0,0,1,1,0
683,0,20.0,9.225,1,0,0,1,0,0,1,0,1
680,1,36.0,512.3292,0,1,0,0,1,0,0,0,1
112,0,14.5,14.4542,1,0,0,1,1,0,0,1,0
384,1,35.0,52.0,1,1,0,0,0,0,1,1,0
803,1,11.0,120.0,0,1,0,0,0,0,1,0,1
862,0,21.0,11.5,1,0,1,0,0,0,1,0,1
717,1,38.0,227.525,0,1,0,0,1,0,0,1,0
853,0,9.0,15.2458,1,0,0,1,1,0,0,1,0
152,1,22.0,66.6,0,1,0,0,0,0,1,1,0
494,0,71.0,49.5042,1,1,0,0,1,0,0,0,1
30,0,,7.8958,1,0,0,1,0,0,1,0,1
103,0,21.0,77.2875,0,1,0,0,0,0,1,0,1
338,1,41.0,134.5,0,1,0,0,1,0,0,1,0
323,1,30.0,12.35,1,0,1,0,0,1,0,1,0
765,0,16.0,7.775,1,0,0,1,0,0,1,0,1
594,0,,7.75,1,0,0,1,0,1,0,1,0
582,1,39.0,110.8833,0,1,0,0,1,0,0,1,0
297,0,23.5,7.2292,1,0,0,1,1,0,0,0,1
217,1,27.0,7.925,1,0,0,1,0,0,1,1,0
136,0,23.0,15.0458,1,0,1,0,1,0,0,0,1
836,1,39.0,83.1583,0,1,0,0,1,0,0,1,0
57,1,21.0,10.5,1,0,1,0,0,0,1,1,0
461,1,48.0,26.55,0,1,0,0,0,0,1,0,1
795,0,25.0,7.8958,1,0,0,1,0,0,1,0,1
868,0,31.0,50.4958,0,1,0,0,0,0,1,0,1
178,0,50.0,28.7125,0,1,0,0,1,0,0,1,0
837,0,21.0,8.6625,1,0,0,1,0,0,1,0,1
72,0,16.0,46.9,1,0,0,1,0,0,1,1,0
813,0,35.0,10.5,1,0,1,0,0,0,1,0,1
655,0,18.0,6.75,1,0,0,1,0,1,0,1,0
628,1,21.0,77.9583,0,1,0,0,0,0,1,1,0
45,1,19.0,7.8792,1,0,0,1,0,1,0,1,0
12,1,58.0,26.55,0,1,0,0,0,0,1,1,0
623,1,20.0,15.7417,1,0,0,1,1,0,0,0,1
240,0,33.0,12.275,1,0,1,0,0,0,1,0,1
551,1,17.0,110.8833,0,1,0,0,1,0,0,0,1
751,1,4.0,23.0,1,0,1,0,0,0,1,1,0
169,0,,25.925,1,1,0,0,0,0,1,0,1
729,0,25.0,26.0,1,0,1,0,0,0,1,0,1
866,1,42.0,13.0,1,0,1,0,0,0,1,1,0
92,0,20.0,7.8542,1,0,0,1,0,0,1,0,1
173,1,1.0,11.1333,1,0,0,1,0,0,1,1,0
394,1,23.0,113.275,0,1,0,0,1,0,0,1,0
834,0,23.0,7.8542,1,0,0,1,0,0,1,0,1
376,1,,82.1708,1,1,0,0,1,0,0,1,0
52,0,21.0,7.8,1,0,0,1,0,0,1,0,1
520,0,32.0,7.8958,1,0,0,1,0,0,1,0,1
434,0,17.0,7.125,1,0,0,1,0,0,1,0,1
423,0,29.0,7.875,1,0,0,1,0,0,1,0,1
427,1,28.0,26.0,1,0,1,0,0,0,1,1,0
464,0,48.0,13.0,1,0,1,0,0,0,1,0,1
262,1,3.0,31.3875,1,0,0,1,0,0,1,0,1
437,0,21.0,34.375,1,0,0,1,0,0,1,1,0
846,0,42.0,7.55,1,0,0,1,0,0,1,0,1
55,0,65.0,61.9792,0,1,0,0,1,0,0,0,1
518,0,,24.15,1,0,0,1,0,1,0,0,1
302,1,,23.25,1,0,0,1,0,1,0,0,1
149,0,36.5,26.0,0,0,1,0,0,0,1,0,1
446,1,4.0,81.8583,0,1,0,0,0,0,1,0,1
283,0,16.0,9.5,1,0,0,1,0,0,1,0,1
301,1,,7.75,1,0,0,1,0,1,0,1,0
450,1,52.0,30.5,0,1,0,0,0,0,1,0,1
66,1,,15.2458,1,0,0,1,1,0,0,0,1
673,0,70.0,10.5,1,0,1,0,0,0,1,0,1
666,0,32.0,73.5,1,0,1,0,0,0,1,0,1
75,1,32.0,56.4958,1,0,0,1,0,0,1,0,1
431,1,28.0,26.55,0,1,0,0,0,0,1,0,1
566,0,24.0,24.15,1,0,0,1,0,0,1,0,1
16,1,55.0,16.0,1,0,1,0,0,0,1,1,0
141,0,,15.2458,1,0,0,1,1,0,0,1,0
228,0,20.5,7.25,1,0,0,1,0,0,1,0,1
143,1,24.0,15.85,1,0,0,1,0,0,1,1,0
101,0,28.0,7.8958,1,0,0,1,0,0,1,1,0
762,0,41.0,7.125,1,0,0,1,0,0,1,0,1
150,0,42.0,13.0,1,0,1,0,0,0,1,0,1
607,0,30.0,7.8958,1,0,0,1,0,0,1,0,1
380,0,19.0,7.775,1,0,0,1,0,0,1,0,1
121,0,21.0,73.5,1,0,1,0,0,0,1,0,1
793,0,,69.55,1,0,0,1,0,0,1,1,0
199,1,,7.75,1,0,0,1,0,1,0,1,0
737,0,48.0,34.375,1,0,0,1,0,0,1,1,0
475,0,22.0,9.8375,1,0,0,1,0,0,1,1,0
435,0,50.0,55.9,0,1,0,0,0,0,1,0,1
504,0,37.0,9.5875,1,0,0,1,0,0,1,1,0
719,0,,15.5,1,0,0,1,0,1,0,0,1
695,0,60.0,26.55,1,1,0,0,0,0,1,0,1
246,0,44.0,90.0,0,1,0,0,0,1,0,0,1
616,1,24.0,65.0,1,0,1,0,0,0,1,1,0
675,0,,0.0,1,0,1,0,0,0,1,0,1
265,0,,7.75,1,0,0,1,0,1,0,1,0
503,0,,7.6292,1,0,0,1,0,1,0,1,0
183,0,9.0,31.3875,1,0,0,1,0,0,1,0,1
495,0,21.0,8.05,1,0,0,1,0,0,1,0,1
236,0,,7.55,1,0,0,1,0,0,1,1,0
361,0,40.0,27.9,1,0,0,1,0,0,1,0,1
105,0,37.0,7.925,1,0,0,1,0,0,1,0,1
305,0,,8.05,1,0,0,1,0,0,1,0,1
171,0,61.0,33.5,0,1,0,0,0,0,1,0,1
854,1,16.0,39.4,0,1,0,0,0,0,1,1,0
833,0,,7.2292,1,0,0,1,1,0,0,0,1
888,1,19.0,30.0,0,1,0,0,0,0,1,1,0
829,1,,7.75,1,0,0,1,0,1,0,0,1
885,0,25.0,7.05,1,0,0,1,0,0,1,0,1
701,1,18.0,227.525,0,1,0,0,1,0,0,1,0
448,1,34.0,26.55,1,1,0,0,0,0,1,0,1
721,1,6.0,33.0,1,0,1,0,0,0,1,1,0
749,0,19.0,53.1,0,1,0,0,0,0,1,0,1
515,0,24.0,7.4958,1,0,0,1,0,0,1,0,1
368,1,,7.2292,1,0,0,1,1,0,0,1,0
802,1,31.0,26.25,1,0,1,0,0,0,1,1,0
253,0,62.0,26.55,0,1,0,0,0,0,1,0,1
132,0,20.0,7.05,1,0,0,1,0,0,1,0,1
138,0,37.0,53.1,0,1,0,0,0,0,1,0,1
316,1,26.0,7.8542,1,0,0,1,0,0,1,1,0
294,0,24.0,8.85,1,0,0,1,0,0,1,1,0
880,1,56.0,83.1583,0,1,0,0,1,0,0,1,0
585,0,,8.7125,1,0,0,1,1,0,0,0,1
718,1,27.0,10.5,0,0,1,0,0,0,1,1,0
206,0,2.0,10.4625,0,0,0,1,0,0,1,1,0
605,1,35.0,26.55,1,1,0,0,1,0,0,0,1
742,0,36.0,78.85,0,1,0,0,0,0,1,0,1
559,1,39.0,79.65,0,1,0,0,0,0,1,1,0
572,1,53.0,51.4792,0,1,0,0,0,0,1,1,0
525,0,,7.2292,1,0,0,1,1,0,0,0,1
233,0,59.0,13.5,1,0,1,0,0,0,1,0,1
124,1,32.5,13.0,0,0,1,0,0,0,1,1,0
398,0,46.0,26.0,1,0,1,0,0,0,1,0,1
856,1,18.0,9.35,1,0,0,1,0,0,1,1,0
248,1,24.0,14.5,1,0,1,0,0,0,1,1,0
19,0,31.0,18.0,1,0,0,1,0,0,1,1,0
34,0,66.0,10.5,1,0,1,0,0,0,1,0,1
232,0,29.0,7.775,1,0,0,1,0,0,1,0,1
210,1,40.0,31.0,0,1,0,0,1,0,0,0,1
130,0,45.0,6.975,1,0,0,1,0,0,1,0,1
753,0,33.0,9.5,1,0,0,1,0,0,1,0,1
58,0,28.5,7.2292,1,0,0,1,1,0,0,0,1
815,0,30.5,8.05,1,0,0,1,0,0,1,0,1
51,0,7.0,39.6875,1,0,0,1,0,0,1,0,1
847,0,,69.55,1,0,0,1,0,0,1,0,1
842,0,16.0,10.5,1,0,1,0,0,0,1,0,1
830,1,62.0,80.0,0,1,0,0,0,0,0,1,0
711,1,24.0,49.5042,0,1,0,0,1,0,0,1,0
529,0,39.0,7.925,1,0,0,1,0,0,1,0,1
457,0,65.0,26.55,0,1,0,0,0,0,1,0,1
613,1,,15.5,1,0,0,1,0,1,0,1,0
209,1,16.0,7.75,1,0,0,1,0,1,0,1,0
268,1,25.0,7.775,1,0,0,1,0,0,1,0,1
486,0,,25.4667,1,0,0,1,0,0,1,1,0
275,1,,7.75,1,0,0,1,0,1,0,1,0
405,0,20.0,8.6625,1,0,0,1,0,0,1,1,0
144,0,19.0,6.75,1,0,0,1,0,1,0,0,1
407,0,51.0,7.75,1,0,0,1,0,0,1,0,1
555,1,22.0,7.775,1,0,0,1,0,0,1,1,0
87,0,16.0,34.375,1,0,0,1,0,0,1,0,1
596,0,36.0,24.15,1,0,0,1,0,0,1,0,1
800,0,30.0,24.15,1,0,0,1,0,0,1,1,0
378,0,27.0,211.5,0,1,0,0,1,0,0,0,1
823,0,38.0,0.0,1,1,0,0,0,0,1,0,1
869,0,,9.5,1,0,0,1,0,0,1,0,1
47,0,,15.5,1,0,0,1,0,1,0,0,1
642,1,24.0,69.3,0,1,0,0,1,0,0,1,0
621,0,27.0,14.4542,1,0,0,1,1,0,0,0,1
567,0,19.0,7.8958,1,0,0,1,0,0,1,0,1
2,1,38.0,71.2833,0,1,0,0,1,0,0,1,0
350,0,42.0,8.6625,1,0,0,1,0,0,1,0,1
763,1,20.0,7.2292,1,0,0,1,1,0,0,0,1
855,0,44.0,26.0,1,0,1,0,0,0,1,1,0
644,1,,56.4958,1,0,0,1,0,0,1,0,1
95,0,59.0,7.25,1,0,0,1,0,0,1,0,1
879,0,,7.8958,1,0,0,1,0,0,1,0,1
186,0,,50.0,0,1,0,0,0,0,1,0,1
798,1,31.0,8.6833,1,0,0,1,0,0,1,1,0
439,0,64.0,263.0,0,1,0,0,0,0,1,0,1
513,1,36.0,26.2875,0,1,0,0,0,0,1,0,1
77,0,,7.8958,1,0,0,1,0,0,1,0,1
98,1,23.0,63.3583,0,1,0,0,1,0,0,0,1
889,0,,23.45,1,0,0,1,0,0,1,1,0
360,1,,7.8792,1,0,0,1,0,1,0,1,0
569,0,,7.2292,1,0,0,1,1,0,0,0,1
414,0,,0.0,1,0,1,0,0,0,1,0,1
490,1,9.0,15.9,1,0,0,1,0,0,1,0,1
264,0,40.0,0.0,0,1,0,0,0,0,1,0,1
267,0,16.0,39.6875,1,0,0,1,0,0,1,0,1
335,1,,133.65,1,1,0,0,0,0,1,1,0
190,0,36.0,7.8958,1,0,0,1,0,0,1,0,1
61,0,22.0,7.2292,1,0,0,1,1,0,0,0,1
807,0,39.0,0.0,0,1,0,0,0,0,1,0,1
881,1,25.0,26.0,1,0,1,0,0,0,1,1,0
820,0,10.0,27.9,1,0,0,1,0,0,1,0,1
215,0,,7.75,1,0,0,1,0,1,0,0,1
84,0,28.0,47.1,1,1,0,0,0,0,1,0,1
740,0,,7.8958,1,0,0,1,0,0,1,0,1
574,1,,7.75,1,0,0,1,0,1,0,1,0
76,0,25.0,7.65,0,0,0,1,0,0,1,0,1
485,1,25.0,91.0792,0,1,0,0,1,0,0,0,1
782,1,17.0,57.0,0,1,0,0,0,0,1,1,0
709,1,22.0,151.55,1,1,0,0,0,0,1,1,0
687,0,14.0,39.6875,1,0,0,1,0,0,1,0,1
281,0,65.0,7.75,1,0,0,1,0,1,0,0,1
10,1,14.0,30.0708,1,0,1,0,1,0,0,1,0
377,1,22.0,7.25,1,0,0,1,0,0,1,1,0
280,1,35.0,20.25,1,0,0,1,0,0,1,1,0
156,0,51.0,61.3792,1,1,0,0,1,0,0,0,1
122,0,,8.05,1,0,0,1,0,0,1,0,1
703,0,18.0,14.4542,1,0,0,1,1,0,0,1,0
32,1,,146.5208,0,1,0,0,1,0,0,1,0
483,0,50.0,8.05,1,0,0,1,0,0,1,0,1
308,1,17.0,108.9,0,1,0,0,1,0,0,1,0
108,1,,7.775,1,0,0,1,0,0,1,0,1
25,0,8.0,21.075,1,0,0,1,0,0,1,1,0
661,1,50.0,133.65,1,1,0,0,0,0,1,0,1
778,1,5.0,12.475,1,0,0,1,0,0,1,1,0
9,1,27.0,11.1333,1,0,0,1,0,0,1,1,0
62,1,38.0,80.0,0,1,0,0,0,0,0,1,0
312,1,18.0,262.375,0,1,0,0,1,0,0,1,0
422,0,21.0,7.7333,1,0,0,1,0,1,0,0,1
68,0,19.0,8.1583,1,0,0,1,0,0,1,0,1
867,1,27.0,13.8583,1,0,1,0,1,0,0,1,0
474,1,23.0,13.7917,0,0,1,0,1,0,0,1,0
6,0,,8.4583,1,0,0,1,0,1,0,0,1
309,0,30.0,24.0,1,0,1,0,1,0,0,0,1
526,0,40.5,7.75,1,0,0,1,0,1,0,0,1
735,0,23.0,13.0,1,0,1,0,0,0,1,0,1
458,1,,51.8625,0,1,0,0,0,0,1,1,0
54,1,29.0,26.0,1,0,1,0,0,0,1,1,0
654,1,,7.8292,1,0,0,1,0,1,0,1,0
411,0,,7.8958,1,0,0,1,0,0,1,0,1
367,1,60.0,75.25,0,1,0,0,1,0,0,1,0
18,1,,13.0,1,0,1,0,0,0,1,0,1
175,0,56.0,30.6958,0,1,0,0,1,0,0,0,1
681,0,,8.1375,1,0,0,1,0,1,0,1,0
13,0,20.0,8.05,1,0,0,1,0,0,1,0,1
777,0,,7.75,0,0,0,1,0,1,0,0,1
204,0,45.5,7.225,1,0,0,1,1,0,0,0,1
258,1,30.0,86.5,0,1,0,0,0,0,1,1,0
819,0,43.0,6.45,1,0,0,1,0,0,1,0,1
208,1,26.0,18.7875,1,0,0,1,1,0,0,0,1
224,0,,7.8958,1,0,0,1,0,0,1,0,1
230,0,,25.4667,1,0,0,1,0,0,1,1,0
345,0,36.0,13.0,1,0,1,0,0,0,1,0,1
299,1,,30.5,0,1,0,0,0,0,1,0,1
726,0,20.0,8.6625,1,0,0,1,0,0,1,0,1
704,0,25.0,7.7417,1,0,0,1,0,1,0,0,1
402,0,26.0,8.05,1,0,0,1,0,0,1,0,1
131,0,33.0,7.8958,1,0,0,1,1,0,0,0,1
406,0,34.0,21.0,1,0,1,0,0,0,1,0,1
23,1,15.0,8.0292,1,0,0,1,0,1,0,1,0
90,0,24.0,8.05,1,0,0,1,0,0,1,0,1
211,0,24.0,7.05,1,0,0,1,0,0,1,0,1
270,1,35.0,135.6333,0,1,0,0,0,0,1,1,0
646,1,48.0,76.7292,0,1,0,0,1,0,0,0,1
443,0,25.0,7.775,1,0,0,1,0,0,1,0,1
500,0,24.0,7.7958,1,0,0,1,0,0,1,0,1
707,1,45.0,13.5,1,0,1,0,0,0,1,1,0
745,1,31.0,7.925,1,0,0,1,0,0,1,0,1
826,0,,6.95,1,0,0,1,0,1,0,0,1
752,1,6.0,12.475,0,0,0,1,0,0,1,0,1
354,0,25.0,17.8,1,0,0,1,0,0,1,0,1
379,0,20.0,4.0125,1,0,0,1,1,0,0,0,1
36,0,42.0,52.0,1,1,0,0,0,0,1,0,1
412,0,,6.8583,1,0,0,1,0,1,0,0,1
128,1,24.0,7.1417,1,0,0,1,0,0,1,0,1
417,1,34.0,32.5,1,0,1,0,0,0,1,1,0
200,0,24.0,13.0,1,0,1,0,0,0,1,1,0
780,1,43.0,211.3375,0,1,0,0,0,0,1,1,0
223,0,51.0,8.05,1,0,0,1,0,0,1,0,1
82,1,29.0,9.5,1,0,0,1,0,0,1,0,1
331,1,,23.25,1,0,0,1,0,1,0,1,0
648,1,56.0,35.5,0,1,0,0,1,0,0,0,1
728,1,,7.7375,1,0,0,1,0,1,0,1,0
558,0,,227.525,1,1,0,0,1,0,0,0,1
882,0,33.0,7.8958,1,0,0,1,0,0,1,0,1
26,1,38.0,31.3875,1,0,0,1,0,0,1,1,0
861,0,41.0,14.1083,1,0,0,1,0,0,1,0,1
573,1,36.0,26.3875,0,1,0,0,0,0,1,0,1
318,0,54.0,14.0,1,0,1,0,0,0,1,0,1
690,1,15.0,211.3375,0,1,0,0,0,0,1,1,0
22,1,34.0,13.0,0,0,1,0,0,0,1,0,1
887,0,27.0,13.0,1,0,1,0,0,0,1,0,1
383,0,32.0,7.925,1,0,0,1,0,0,1,0,1
65,0,,27.7208,1,1,0,0,1,0,0,0,1
14,0,39.0,31.275,1,0,0,1,0,0,1,0,1
8,0,2.0,21.075,1,0,0,1,0,0,1,0,1
298,0,2.0,151.55,0,1,0,0,0,0,1,1,0
159,0,,8.6625,1,0,0,1,0,0,1,0,1
473,1,33.0,27.75,1,0,1,0,0,0,1,1,0
509,0,28.0,22.525,1,0,0,1,0,0,1,0,1
79,1,0.83,29.0,1,0,1,0,0,0,1,0,1
611,0,39.0,31.275,1,0,0,1,0,0,1,1,0
114,0,20.0,9.825,1,0,0,1,0,0,1,1,0
440,0,31.0,10.5,1,0,1,0,0,0,1,0,1
1,0,22.0,7.25,1,0,0,1,0,0,1,0,1
167,1,,55.0,0,1,0,0,0,0,1,1,0
326,1,36.0,135.6333,0,1,0,0,1,0,0,1,0
790,0,46.0,79.2,0,1,0,0,1,0,0,0,1
154,0,40.5,14.5,1,0,0,1,0,0,1,0,1
700,0,42.0,7.65,0,0,0,1,0,0,1,0,1
33,1,,7.75,1,0,0,1,0,1,0,1,0
589,0,22.0,8.05,1,0,0,1,0,0,1,0,1
536,1,7.0,26.25,1,0,1,0,0,0,1,1,0
857,1,45.0,164.8667,1,1,0,0,0,0,1,1,0
20,1,,7.225,1,0,0,1,1,0,0,1,0
229,0,18.0,13.0,1,0,1,0,0,0,1,0,1
78,0,,8.05,1,0,0,1,0,0,1,0,1
126,1,12.0,11.2417,1,0,0,1,1,0,0,0,1
161,0,44.0,16.1,1,0,0,1,0,0,1,0,1
285,0,,26.0,0,1,0,0,0,0,1,0,1
754,0,23.0,7.8958,1,0,0,1,0,0,1,0,1
599,0,,7.225,1,0,0,1,1,0,0,0,1
29,1,,7.8792,1,0,0,1,0,1,0,1,0
415,1,44.0,7.925,1,0,0,1,0,0,1,0,1
534,1,,22.3583,1,0,0,1,1,0,0,1,0
226,0,22.0,9.35,1,0,0,1,0,0,1,0,1
222,0,27.0,13.0,1,0,1,0,0,0,1,0,1
348,1,,16.1,1,0,0,1,0,0,1,1,0
438,1,24.0,18.75,1,0,1,0,0,0,1,1,0
844,0,34.5,6.4375,1,0,0,1,1,0,0,0,1
541,1,36.0,71.0,0,1,0,0,0,0,1,1,0
505,1,16.0,86.5,0,1,0,0,0,0,1,1,0
71,0,32.0,10.5,1,0,1,0,0,0,1,0,1
100,0,34.0,26.0,1,0,1,0,0,0,1,0,1
692,1,4.0,13.4167,1,0,0,1,1,0,0,1,0
50,0,18.0,17.8,1,0,0,1,0,0,1,1,0
213,0,22.0,7.25,1,0,0,1,0,0,1,0,1
471,0,,7.25,1,0,0,1,0,0,1,0,1
310,1,30.0,56.9292,0,1,0,0,1,0,0,1,0
835,0,18.0,8.3,1,0,0,1,0,0,1,0,1
129,1,,22.3583,0,0,0,1,1,0,0,1,0
365,0,,15.5,1,0,0,1,0,1,0,0,1
243,0,29.0,10.5,1,0,1,0,0,0,1,0,1
832,1,0.83,18.75,1,0,1,0,0,0,1,0,1
291,1,26.0,78.85,1,1,0,0,0,0,1,1,0
554,1,22.0,7.225,1,0,0,1,1,0,0,0,1
349,1,3.0,15.9,1,0,0,1,0,0,1,0,1
220,0,30.0,10.5,1,0,1,0,0,0,1,0,1
109,0,38.0,7.8958,1,0,0,1,0,0,1,0,1
838,0,,8.05,1,0,0,1,0,0,1,0,1
442,0,20.0,9.5,1,0,0,1,0,0,1,0,1
24,1,28.0,35.5,0,1,0,0,0,0,1,0,1
319,1,31.0,164.8667,0,1,0,0,0,0,1,1,0
761,0,,14.5,1,0,0,1,0,0,1,0,1
606,0,36.0,15.55,1,0,0,1,0,0,1,0,1
137,1,19.0,26.2833,0,1,0,0,0,0,1,1,0
42,0,27.0,21.0,1,0,1,0,0,0,1,1,0
656,0,24.0,73.5,1,0,1,0,0,0,1,0,1
388,1,36.0,13.0,1,0,1,0,0,0,1,1,0
539,0,,14.5,1,0,0,1,0,0,1,0,1
677,0,24.5,8.05,1,0,0,1,0,0,1,0,1
172,0,4.0,29.125,1,0,0,1,0,1,0,0,1
201,0,28.0,9.5,1,0,0,1,0,0,1,0,1
688,0,19.0,10.1708,1,0,0,1,0,0,1,0,1
564,0,,8.05,1,0,0,1,0,0,1,0,1
289,1,42.0,13.0,1,0,1,0,0,0,1,0,1
153,0,55.5,8.05,1,0,0,1,0,0,1,0,1
321,0,22.0,7.25,1,0,0,1,0,0,1,0,1
155,0,,7.3125,1,0,0,1,0,0,1,0,1
70,0,26.0,8.6625,1,0,0,1,0,0,1,0,1
261,0,,7.75,1,0,0,1,0,1,0,0,1
864,0,,69.55,1,0,0,1,0,0,1,1,0
48,1,,7.75,1,0,0,1,0,1,0,1,0
849,0,28.0,33.0,1,0,1,0,0,0,1,0,1
273,1,41.0,19.5,1,0,1,0,0,0,1,1,0
148,0,9.0,34.375,1,0,0,1,0,0,1,1,0
540,1,22.0,49.5,0,1,0,0,1,0,0,1,0
638,0,31.0,26.25,1,0,1,0,0,0,1,0,1
189,0,40.0,15.5,1,0,0,1,0,1,0,0,1
821,1,52.0,93.5,0,1,0,0,0,0,1,1,0
339,1,45.0,8.05,1,0,0,1,0,0,1,0,1
578,1,39.0,55.9,0,1,0,0,0,0,1,1,0
300,1,50.0,247.5208,0,1,0,0,1,0,0,1,0
710,1,,15.2458,1,0,0,1,1,0,0,0,1
629,0,26.0,7.8958,1,0,0,1,0,0,1,0,1
214,0,30.0,13.0,1,0,1,0,0,0,1,0,1
816,0,,0.0,0,1,0,0,0,0,1,0,1
272,1,25.0,0.0,1,0,0,1,0,0,1,0,1
478,0,29.0,7.0458,1,0,0,1,0,0,1,0,1
342,1,24.0,263.0,0,1,0,0,0,0,1,1,0
322,0,27.0,7.8958,1,0,0,1,0,0,1,0,1
668,0,,7.775,1,0,0,1,0,0,1,0,1
416,0,,8.05,1,0,0,1,0,0,1,1,0
883,0,22.0,10.5167,1,0,0,1,0,0,1,1,0
615,0,35.0,8.05,1,0,0,1,0,0,1,0,1
469,0,,7.725,1,0,0,1,0,1,0,0,1
324,1,22.0,29.0,1,0,1,0,0,0,1,1,0
747,0,16.0,20.25,1,0,0,1,0,0,1,0,1
477,0,34.0,21.0,1,0,1,0,0,0,1,0,1
231,1,35.0,83.475,0,1,0,0,0,0,1,1,0
467,0,,0.0,1,0,1,0,0,0,1,0,1
343,0,28.0,13.0,1,0,1,0,0,0,1,0,1
234,1,5.0,31.3875,1,0,0,1,0,0,1,1,0
609,1,22.0,41.5792,1,0,1,0,1,0,0,1,0
568,0,29.0,21.075,1,0,0,1,0,0,1,1,0
385,0,,7.8958,1,0,0,1,0,0,1,0,1
801,0,34.0,13.0,1,0,1,0,0,0,1,0,1
639,0,41.0,39.6875,1,0,0,1,0,0,1,1,0
449,1,5.0,19.2583,1,0,0,1,1,0,0,1,0
53,1,49.0,76.7292,0,1,0,0,1,0,0,1,0
463,0,47.0,38.5,0,1,0,0,0,0,1,0,1
705,0,26.0,7.8542,1,0,0,1,0,0,1,0,1
403,0,21.0,9.825,1,0,0,1,0,0,1,1,0
858,1,51.0,26.55,0,1,0,0,0,0,1,0,1
553,0,,7.8292,1,0,0,1,0,1,0,0,1
5,0,35.0,8.05,1,0,0,1,0,0,1,0,1
193,1,19.0,7.8542,1,0,0,1,0,0,1,1,0
400,1,28.0,12.65,1,0,1,0,0,0,1,1,0
372,0,18.0,6.4958,1,0,0,1,0,0,1,0,1
286,0,33.0,8.6625,1,0,0,1,1,0,0,0,1
106,0,28.0,7.8958,1,0,0,1,0,0,1,0,1
119,0,24.0,247.5208,0,1,0,0,1,0,0,0,1
278,0,,0.0,1,0,1,0,0,0,1,0,1
288,0,22.0,7.8958,1,0,0,1,0,0,1,0,1
364,0,35.0,7.05,1,0,0,1,0,0,1,0,1
179,0,30.0,13.0,1,0,1,0,0,0,1,0,1
771,0,24.0,9.5,1,0,0,1,0,0,1,0,1
44,1,3.0,41.5792,1,0,1,0,1,0,0,1,0
841,0,20.0,7.925,1,0,0,1,0,0,1,0,1
96,0,,8.05,1,0,0,1,0,0,1,0,1
744,0,24.0,16.1,1,0,0,1,0,0,1,0,1
481,0,9.0,46.9,1,0,0,1,0,0,1,0,1
722,0,17.0,7.0542,1,0,0,1,0,0,1,0,1
511,1,29.0,7.75,1,0,0,1,0,1,0,0,1
221,1,16.0,8.05,1,0,0,1,0,0,1,0,1
327,0,61.0,6.2375,1,0,0,1,0,0,1,0,1
241,0,,14.4542,1,0,0,1,1,0,0,1,0
514,1,54.0,59.4,1,1,0,0,1,0,0,1,0
488,0,58.0,29.7,0,1,0,0,1,0,0,0,1
682,1,27.0,76.7292,0,1,0,0,1,0,0,0,1
667,0,25.0,13.0,1,0,1,0,0,0,1,0,1
81,0,22.0,9.0,1,0,0,1,0,0,1,0,1
470,1,0.75,19.2583,1,0,0,1,1,0,0,1,0
699,0,49.0,110.8833,0,1,0,0,1,0,0,0,1
263,0,52.0,79.65,0,1,0,0,0,0,1,0,1
651,0,,7.8958,1,0,0,1,0,0,1,0,1
252,0,29.0,10.4625,0,0,0,1,0,0,1,1,0
870,1,4.0,11.1333,1,0,0,1,0,0,1,0,1
85,1,17.0,10.5,1,0,1,0,0,0,1,1,0
293,0,36.0,12.875,0,0,1,0,1,0,0,0,1
334,0,16.0,18.0,1,0,0,1,0,0,1,0,1
251,0,,7.25,1,0,0,1,0,0,1,0,1
508,1,,26.55,1,1,0,0,0,0,1,0,1
787,1,18.0,7.4958,1,0,0,1,0,0,1,1,0
93,0,46.0,61.175,0,1,0,0,0,0,1,0,1
303,0,19.0,0.0,1,0,0,1,0,0,1,0,1
115,0,17.0,14.4583,1,0,0,1,1,0,0,1,0
876,1,15.0,7.225,1,0,0,1,1,0,0,1,0
276,1,63.0,77.9583,0,1,0,0,0,0,1,1,0
785,0,25.0,7.05,1,0,0,1,0,0,1,0,1
624,0,21.0,7.8542,1,0,0,1,0,0,1,0,1
174,0,21.0,7.925,1,0,0,1,0,0,1,0,1
603,0,,42.4,1,1,0,0,0,0,1,0,1
702,1,35.0,26.2875,0,1,0,0,0,0,1,0,1
537,0,45.0,26.55,0,1,0,0,0,0,1,0,1
773,0,57.0,10.5,0,0,1,0,0,0,1,1,0
418,1,18.0,13.0,1,0,1,0,0,0,1,1,0
479,0,22.0,7.5208,1,0,0,1,0,0,1,0,1
658,0,32.0,15.5,1,0,0,1,0,1,0,1,0
586,1,18.0,79.65,0,1,0,0,0,0,1,1,0
614,0,,7.75,1,0,0,1,0,1,0,0,1
810,1,33.0,53.1,0,1,0,0,0,0,1,1,0
664,0,36.0,7.4958,1,0,0,1,0,0,1,0,1
329,1,31.0,20.525,1,0,0,1,0,0,1,1,0
140,0,24.0,79.2,0,1,0,0,1,0,0,0,1
352,0,,35.0,0,1,0,0,0,0,1,0,1
28,0,19.0,263.0,0,1,0,0,0,0,1,0,1
428,1,19.0,26.0,1,0,1,0,0,0,1,1,0
602,0,,7.8958,1,0,0,1,0,0,1,0,1
875,1,28.0,24.0,1,0,1,0,1,0,0,1,0
433,1,42.0,26.0,1,0,1,0,0,0,1,1,0
60,0,11.0,46.9,1,0,0,1,0,0,1,0,1
649,0,,7.55,1,0,0,1,0,0,1,0,1
877,0,20.0,9.8458,1,0,0,1,0,0,1,0,1
698,1,,7.7333,1,0,0,1,0,1,0,1,0
429,0,,7.75,1,0,0,1,0,1,0,0,1
542,0,9.0,31.275,1,0,0,1,0,0,1,1,0
579,0,,14.4583,1,0,0,1,1,0,0,1,0
91,0,29.0,8.05,1,0,0,1,0,0,1,0,1
562,0,40.0,7.8958,1,0,0,1,0,0,1,0,1
669,0,43.0,8.05,1,0,0,1,0,0,1,0,1
708,1,42.0,26.2875,0,1,0,0,0,0,1,0,1
317,1,24.0,26.0,1,0,1,0,0,0,1,1,0
565,0,,8.05,1,0,0,1,0,0,1,1,0
369,1,,7.75,1,0,0,1,0,1,0,1,0
733,0,,0.0,1,0,1,0,0,0,1,0,1
56,1,,35.5,0,1,0,0,0,0,1,0,1
363,0,45.0,14.4542,1,0,0,1,1,0,0,1,0
111,0,47.0,52.0,0,1,0,0,0,0,1,0,1
674,1,31.0,13.0,1,0,1,0,0,0,1,0,1
627,0,57.0,12.35,1,0,1,0,0,1,0,0,1
758,0,18.0,11.5,1,0,1,0,0,0,1,0,1
436,1,14.0,120.0,0,1,0,0,0,0,1,1,0
468,0,56.0,26.55,1,1,0,0,0,0,1,0,1
480,1,2.0,12.2875,1,0,0,1,0,0,1,1,0
396,0,22.0,7.7958,1,0,0,1,0,0,1,0,1
382,1,1.0,15.7417,1,0,0,1,1,0,0,1,0
670,1,,52.0,0,1,0,0,0,0,1,1,0
797,1,49.0,25.9292,0,1,0,0,0,0,1,1,0
344,0,25.0,13.0,1,0,1,0,0,0,1,0,1
741,1,,30.0,0,1,0,0,0,0,1,0,1
713,1,48.0,52.0,0,1,0,0,0,0,1,0,1
831,1,15.0,14.4542,1,0,0,1,1,0,0,1,0
617,0,34.0,14.4,1,0,0,1,0,0,1,0,1
706,0,39.0,26.0,1,0,1,0,0,0,1,0,1
631,1,80.0,30.0,0,1,0,0,0,0,1,0,1
187,1,,15.5,1,0,0,1,0,1,0,1,0
641,0,20.0,7.8542,1,0,0,1,0,0,1,0,1
650,1,23.0,7.55,1,0,0,1,0,0,1,1,0
151,0,51.0,12.525,1,0,1,0,0,0,1,0,1
366,0,30.0,7.25,1,0,0,1,0,0,1,0,1
592,1,52.0,78.2667,0,1,0,0,1,0,0,1,0
444,1,28.0,13.0,1,0,1,0,0,0,1,1,0
399,0,23.0,10.5,1,0,1,0,0,0,1,0,1
581,1,25.0,30.0,1,0,1,0,0,0,1,1,0
738,1,35.0,512.3292,0,1,0,0,1,0,0,0,1
784,0,,23.45,1,0,0,1,0,0,1,0,1
755,1,48.0,65.0,1,0,1,0,0,0,1,1,0
620,0,26.0,10.5,1,0,1,0,0,0,1,0,1
640,0,,16.1,1,0,0,1,0,0,1,0,1
808,0,18.0,7.775,1,0,0,1,0,0,1,1,0
196,1,58.0,146.5208,0,1,0,0,1,0,0,1,0
166,1,9.0,20.525,1,0,0,1,0,0,1,0,1
794,0,,30.6958,1,1,0,0,1,0,0,0,1
35,0,28.0,82.1708,1,1,0,0,1,0,0,0,1
425,0,18.0,20.2125,1,0,0,1,0,0,1,0,1
608,1,27.0,30.5,1,1,0,0,0,0,1,0,1
538,1,30.0,106.425,1,1,0,0,1,0,0,1,0
83,1,,7.7875,1,0,0,1,0,1,0,1,0
783,0,29.0,30.0,0,1,0,0,0,0,1,0,1
97,0,71.0,34.6542,0,1,0,0,1,0,0,0,1
225,1,38.0,90.0,0,1,0,0,0,0,1,0,1
732,0,11.0,18.7875,1,0,0,1,1,0,0,0,1
843,1,30.0,31.0,1,1,0,0,1,0,0,1,0
104,0,33.0,8.6542,1,0,0,1,0,0,1,0,1
370,1,24.0,69.3,0,1,0,0,1,0,0,1,0
859,1,24.0,19.2583,1,0,0,1,1,0,0,1,0
158,0,30.0,8.05,1,0,0,1,0,0,1,0,1
653,0,21.0,8.4333,1,0,0,1,0,0,1,0,1
632,0,51.0,7.0542,1,0,0,1,0,0,1,0,1
192,0,19.0,13.0,1,0,1,0,0,0,1,0,1
715,0,52.0,13.0,1,0,1,0,0,0,1,0,1
307,1,,110.8833,1,1,0,0,1,0,0,1,0
845,0,17.0,8.6625,1,0,0,1,0,0,1,0,1
247,0,25.0,7.775,1,0,0,1,0,0,1,1,0
805,1,27.0,6.975,1,0,0,1,0,0,1,0,1
764,1,36.0,120.0,0,1,0,0,0,0,1,1,0
452,0,,19.9667,1,0,0,1,0,0,1,0,1
759,0,34.0,8.05,1,0,0,1,0,0,1,0,1
493,0,55.0,30.5,0,1,0,0,0,0,1,0,1
116,0,21.0,7.925,1,0,0,1,0,0,1,0,1
535,0,30.0,8.6625,1,0,0,1,0,0,1,1,0
395,1,24.0,16.7,0,0,0,1,0,0,1,1,0
244,0,22.0,7.125,1,0,0,1,0,0,1,0,1
346,1,24.0,13.0,0,0,1,0,0,0,1,1,0
336,0,,7.8958,1,0,0,1,0,0,1,0,1
575,0,16.0,8.05,1,0,0,1,0,0,1,0,1
157,1,16.0,7.7333,1,0,0,1,0,1,0,1,0
686,0,25.0,41.5792,1,0,1,0,1,0,0,0,1
341,1,2.0,26.0,0,0,1,0,0,0,1,0,1
634,0,,0.0,1,1,0,0,0,0,1,0,1
499,0,25.0,151.55,0,1,0,0,0,0,1,1,0
860,0,,7.2292,1,0,0,1,1,0,0,0,1
340,0,45.0,35.5,0,1,0,0,0,0,1,0,1
107,1,21.0,7.65,1,0,0,1,0,0,1,1,0
487,1,35.0,90.0,0,1,0,0,0,0,1,1,0
371,1,25.0,55.4417,0,1,0,0,1,0,0,0,1
619,1,4.0,39.0,0,0,1,0,0,0,1,1,0
696,0,52.0,13.5,1,0,1,0,0,0,1,0,1
647,0,19.0,7.8958,1,0,0,1,0,0,1,0,1
533,0,17.0,7.2292,1,0,0,1,1,0,0,0,1
530,0,23.0,11.5,1,0,1,0,0,0,1,0,1
142,1,22.0,7.75,1,0,0,1,0,0,1,1,0
604,0,44.0,8.05,1,0,0,1,0,0,1,0,1
413,1,33.0,90.0,0,1,0,0,0,1,0,1,0
333,0,38.0,153.4625,0,1,0,0,0,0,1,0,1
362,0,29.0,27.7208,1,0,1,0,1,0,0,0,1
37,1,,7.2292,1,0,0,1,1,0,0,0,1
207,0,32.0,15.85,1,0,0,1,0,0,1,0,1
839,1,32.0,56.4958,1,0,0,1,0,0,1,0,1
287,1,30.0,9.5,1,0,0,1,0,0,1,0,1
391,1,36.0,120.0,0,1,0,0,0,0,1,0,1
164,0,17.0,8.6625,1,0,0,1,0,0,1,0,1
49,0,,21.6792,1,0,0,1,1,0,0,0,1
684,0,14.0,46.9,1,0,0,1,0,0,1,0,1
822,1,27.0,8.6625,1,0,0,1,0,0,1,0,1
11,1,4.0,16.7,0,0,0,1,0,0,1,1,0
194,1,3.0,26.0,0,0,1,0,0,0,1,0,1
840,1,,29.7,0,1,0,0,1,0,0,0,1
689,0,18.0,7.7958,1,0,0,1,0,0,1,0,1
659,0,23.0,13.0,1,0,1,0,0,0,1,0,1
584,0,36.0,40.125,0,1,0,0,1,0,0,0,1
202,0,,69.55,1,0,0,1,0,0,1,0,1
135,0,25.0,13.0,1,0,1,0,0,0,1,0,1
720,0,33.0,7.775,1,0,0,1,0,0,1,0,1
420,0,10.0,24.15,1,0,0,1,0,0,1,1,0
872,1,47.0,52.5542,0,1,0,0,0,0,1,1,0
389,0,,7.7292,1,0,0,1,0,1,0,0,1
734,0,23.0,13.0,1,0,1,0,0,0,1,0,1
451,0,36.0,27.75,1,0,1,0,0,0,1,0,1
198,0,42.0,8.4042,1,0,0,1,0,0,1,0,1
516,0,47.0,34.0208,0,1,0,0,0,0,1,0,1
676,0,18.0,7.775,1,0,0,1,0,0,1,0,1
117,0,70.5,7.75,1,0,0,1,0,1,0,0,1
31,0,40.0,27.7208,1,1,0,0,1,0,0,0,1
146,0,19.0,36.75,1,0,1,0,0,0,1,0,1
163,0,26.0,7.775,1,0,0,1,0,0,1,0,1
94,0,26.0,20.575,1,0,0,1,0,0,1,0,1
242,1,,15.5,1,0,0,1,0,1,0,1,0
725,1,27.0,53.1,0,1,0,0,0,0,1,0,1
630,0,,7.7333,1,0,0,1,0,1,0,0,1
188,1,45.0,26.55,1,1,0,0,0,0,1,0,1
693,1,,56.4958,1,0,0,1,0,0,1,0,1
580,1,32.0,7.925,1,0,0,1,0,0,1,0,1
476,0,,52.0,0,1,0,0,0,0,1,0,1
73,0,21.0,73.5,1,0,1,0,0,0,1,0,1
873,0,33.0,5.0,0,1,0,0,0,0,1,0,1
645,1,0.75,19.2583,1,0,0,1,1,0,0,1,0
878,0,19.0,7.8958,1,0,0,1,0,0,1,0,1
290,1,22.0,7.75,1,0,0,1,0,1,0,1,0
472,0,38.0,8.6625,1,0,0,1,0,0,1,0,1
731,1,29.0,211.3375,0,1,0,0,0,0,1,1,0
459,1,50.0,10.5,1,0,1,0,0,0,1,1,0
556,0,62.0,26.55,1,1,0,0,0,0,1,0,1
386,0,18.0,73.5,1,0,1,0,0,0,1,0,1
804,1,0.42,8.5167,1,0,0,1,1,0,0,0,1
313,0,26.0,26.0,1,0,1,0,0,0,1,1,0
462,0,34.0,8.05,1,0,0,1,0,0,1,0,1
134,1,29.0,26.0,1,0,1,0,0,0,1,1,0
498,0,,15.1,1,0,0,1,0,0,1,0,1
549,0,33.0,20.525,1,0,0,1,0,0,1,0,1
351,0,23.0,9.225,1,0,0,1,0,0,1,0,1
271,0,,31.0,1,1,0,0,0,0,1,0,1
147,1,27.0,7.7958,1,0,0,1,0,0,1,0,1
779,0,,7.7375,1,0,0,1,0,1,0,0,1
492,0,21.0,7.25,1,0,0,1,0,0,1,0,1
426,0,,7.25,1,0,0,1,0,0,1,0,1
374,0,22.0,135.6333,1,1,0,0,1,0,0,0,1
570,1,32.0,7.8542,1,0,0,1,0,0,1,0,1
546,0,64.0,26.0,1,1,0,0,0,0,1,0,1
510,1,26.0,56.4958,1,0,0,1,0,0,1,0,1
127,0,,7.75,1,0,0,1,0,1,0,0,1
848,0,35.0,7.8958,1,0,0,1,1,0,0,0,1
774,0,,7.225,1,0,0,1,1,0,0,0,1
818,0,31.0,37.0042,1,0,1,0,1,0,0,0,1
743,1,21.0,262.375,0,1,0,0,1,0,0,1,0
828,1,1.0,37.0042,1,0,1,0,1,0,0,0,1
766,1,51.0,77.9583,0,1,0,0,0,0,1,1,0
685,0,60.0,39.0,1,0,1,0,0,0,1,0,1
320,1,40.0,134.5,0,1,0,0,1,0,0,1,0
547,1,19.0,26.0,1,0,1,0,0,0,1,1,0
727,1,30.0,21.0,1,0,1,0,0,0,1,1,0
497,1,54.0,78.2667,0,1,0,0,1,0,0,1,0
563,0,28.0,13.5,1,0,1,0,0,0,1,0,1
409,0,21.0,7.775,1,0,0,1,0,0,1,0,1
482,0,,0.0,1,0,1,0,0,0,1,0,1
583,0,54.0,26.0,1,0,1,0,0,0,1,0,1
776,0,18.0,7.75,1,0,0,1,0,0,1,0,1
714,0,29.0,9.4833,1,0,0,1,0,0,1,0,1
507,1,33.0,26.0,1,0,1,0,0,0,1,1,0
314,0,28.0,7.8958,1,0,0,1,0,0,1,0,1
768,0,30.5,7.75,1,0,0,1,0,1,0,1,0
760,1,33.0,86.5,0,1,0,0,0,0,1,1,0
750,0,31.0,7.75,1,0,0,1,0,1,0,0,1
