,CPUBID,MPUBID,CRACE,CSEX,CMOB,CYRB,MATHZ,year,MATHP,MATH,COMP,COMPZ,COMPP,RECOG,RECOGZ,RECOGP,HOMEZ,HOMEP,COGNZ,COGNP,EMOTZ,EMOTP,AGECH
385,43701,437,3,1,2,1981,-3,1986,-3,-3,-3,-3,-3,-3,-3,-3,99.4,47,98.4,45,100.5,53,59
859,97901,979,3,1,4,1981,-3,1986,-3,-3,-3,-3,-3,-3,-3,-3,116.5,87,117.6,88,108.5,73,59
902,103001,1030,2,1,1,1979,-3,1986,-3,-3,-3,-3,-3,-3,-3,-3,71.3,3,59.7,0,92.0,30,86
930,105702,1057,2,2,11,1976,-3,1986,-3,-3,38,100,49,26,82,12,99.5,50,113.3,81,85.9,18,111
1051,116801,1168,2,1,3,1981,-3,1986,-3,-3,-3,-3,-3,-3,-3,-3,112.2,79,111.2,77,108.5,73,59
1211,130801,1308,2,1,11,1977,-3,1986,-3,-3,18,75,5,20,77,6,80.4,9,87.4,19,79.4,8,100
1433,152501,1525,3,1,8,1976,-3,1986,-3,-3,-3,-3,-3,63,128,97,103.4,58,100.3,50,105.0,63,115
1764,186201,1862,3,1,10,1979,-3,1986,-3,-3,18,102,56,18,101,52,110.9,77,100.2,50,118.7,90,76
1866,199301,1993,3,1,4,1978,-3,1986,-3,-3,22,94,34,32,107,67,114.3,82,104.3,61,118.1,88,94
1957,207703,2077,3,1,9,1975,-3,1986,-3,-3,62,112,79,73,121,92,102.3,55,119.2,90,81.2,10,149
2041,216102,2161,3,1,3,1981,-3,1986,-3,-3,-3,-3,-3,-3,-3,-3,99.9,50,105.5,66,93.1,32,60
2256,239801,2398,3,2,12,1977,-3,1986,-3,-3,-3,-3,-3,30,99,47,99.7,50,99.6,50,99.5,50,99
2273,240501,2405,3,1,4,1981,-3,1986,-3,-3,-3,-3,-3,-3,-3,-3,112.2,79,111.2,77,108.5,73,59
2405,253604,2536,3,2,3,1981,-3,1986,-3,-3,-3,-3,-3,-3,-3,-3,125.0,95,117.6,88,124.4,95,59
2570,272002,2720,2,1,9,1977,-3,1986,-3,-3,-3,-3,-3,38,106,66,99.7,50,87.4,19,112.9,81,102
2583,273701,2737,3,1,9,1980,-3,1986,-3,-3,-3,-3,-3,-3,-3,-3,104.2,61,105.5,66,100.6,53,65
2595,274601,2746,3,2,10,1976,-3,1986,-3,-3,-3,-3,-3,55,121,92,115.1,84,113.3,81,111.4,77,112
2641,279503,2795,2,2,3,1981,-3,1986,-3,-3,-3,-3,-3,-3,-3,-3,82.3,12,85.6,18,84.6,16,59
2709,288601,2886,2,1,11,1976,-3,1986,-3,-3,37,97,41,38,97,42,123.0,94,113.3,81,124.1,95,113
2887,309501,3095,3,1,5,1976,-3,1986,-3,-3,56,121,92,58,122,93,115.1,84,106.8,68,117.8,88,117
3344,355401,3554,3,1,7,1980,-3,1986,-3,-3,-3,-3,-3,19,126,96,95.5,39,84.7,16,108.1,70,67
3395,360601,3606,3,1,12,1980,-3,1986,-3,-3,18,125,95,18,125,95,112.9,81,105.5,66,115.6,86,62
3454,365902,3659,3,1,3,1981,-3,1986,-3,-3,-3,-3,-3,-3,-3,-3,95.1,37,104.8,63,84.6,16,59
3501,370401,3704,2,2,3,1976,-3,1986,-3,-3,44,103,58,44,101,53,94.3,34,95.3,37,94.6,37,120
3528,372601,3726,3,2,6,1979,-3,1986,-3,-3,23,108,70,25,109,72,110.9,77,106.0,66,111.9,79,81
3534,372801,3728,3,2,8,1979,-3,1986,-3,-3,-3,-3,-3,-3,-3,-3,103.1,58,94.4,34,111.9,79,78
3765,397503,3975,2,2,5,1981,-3,1986,-3,-3,-3,-3,-3,-3,-3,-3,52.4,0,60.1,0,60.7,0,59
3815,402401,4024,3,1,11,1972,-3,1986,-3,-3,39,80,9,34,74,4,102.3,55,95.3,37,108.0,70,161
3939,415701,4157,3,1,3,1981,-3,1986,-3,-3,-3,-3,-3,-3,-3,-3,129.3,97,117.6,88,132.3,98,59
3963,418001,4180,2,2,4,1981,-3,1986,-3,-3,-3,-3,-3,-3,-3,-3,95.1,37,98.4,45,92.5,32,59
4169,440001,4400,3,2,9,1977,-3,1986,-3,-3,-3,-3,-3,-3,-3,-3,115.2,84,117.8,88,106.2,66,104
4840,510001,5100,3,2,12,1979,-3,1986,-3,-3,-3,-3,-3,-3,-3,-3,103.1,58,106.0,66,98.2,45,75
4995,527301,5273,3,1,3,1981,-3,1986,-3,-3,-3,-3,-3,-3,-3,-3,95.1,37,104.8,63,84.6,16,59
5229,548803,5488,3,2,4,1981,-3,1986,-3,-3,-3,-3,-3,-3,-3,-3,99.4,47,92.0,30,108.5,73,58
5433,572001,5720,1,2,6,1977,-3,1986,-3,-3,-3,-3,-3,-3,-3,-3,92.0,30,99.6,50,86.1,18,105
5507,579601,5796,1,1,7,1975,-3,1986,-3,-3,47,103,59,59,118,88,86.3,18,83.3,13,94.6,37,128
5678,594802,5948,1,2,9,1980,-3,1986,-3,-3,-3,-3,-3,-3,-3,-3,73.8,4,77.7,7,78.2,7,65
5698,596503,5965,2,1,5,1981,-3,1986,-3,-3,-3,-3,-3,-3,-3,-3,99.4,47,98.4,45,100.5,53,59
5792,604802,6048,2,1,7,1979,-3,1986,-3,-3,-3,-3,-3,-3,-3,-3,83.6,14,100.2,50,70.8,3,80
5845,610102,6101,2,2,7,1980,-3,1986,-3,-3,18,114,82,18,113,80,52.0,0,56.9,0,63.2,1,69
6091,631002,6310,2,1,4,1979,-3,1986,-3,-3,-3,-3,-3,20,93,33,75.2,5,78.8,8,79.0,8,85
6199,637101,6371,2,1,2,1979,-3,1986,-3,-3,43,125,95,28,110,75,67.4,1,59.7,0,85.5,18,84
6210,637201,6372,2,1,7,1979,-3,1986,-3,-3,-3,-3,-3,30,119,90,60.2,0,65.3,1,70.8,3,79
6340,648701,6487,3,1,4,1976,-3,1986,-3,-3,46,106,65,44,101,53,95.5,39,93.7,34,98.7,47,119
6362,652201,6522,3,2,12,1978,-3,1986,-3,-3,21,101,52,23,101,52,90.9,27,91.6,30,92.0,30,85
6489,664202,6642,2,1,9,1978,-3,1986,-3,-3,-3,-3,-3,-3,-3,-3,83.0,13,85.2,16,85.5,18,92
6511,665901,6659,1,2,8,1979,-3,1986,-3,-3,-3,-3,-3,-3,-3,-3,79.7,9,94.4,34,70.8,3,81
6548,668501,6685,3,2,8,1980,-3,1986,-3,-3,18,122,93,18,121,92,104.2,61,112.5,81,93.1,32,68
6639,678701,6787,1,1,1,1975,-3,1986,-3,-3,-3,-3,-3,-3,-3,-3,82.3,12,65.4,1,108.0,70,134
6640,678702,6787,1,1,8,1976,-3,1986,-3,-3,-3,-3,-3,-3,-3,-3,79.9,9,61.0,0,105.0,63,115
6641,678703,6787,1,1,11,1978,-3,1986,-3,-3,-3,-3,-3,-3,-3,-3,79.1,8,59.7,0,105.1,63,88
6968,715701,7157,2,1,2,1976,-3,1986,-3,-3,-3,-3,-3,-3,-3,-3,86.3,18,77.4,6,101.3,53,120
7014,719201,7192,2,2,9,1977,-3,1986,-3,-3,-3,-3,-3,-3,-3,-3,92.0,30,75.3,5,112.9,81,102
7026,720703,7207,1,1,11,1980,-3,1986,-3,-3,-3,-3,-3,-3,-3,-3,95.5,39,84.7,16,108.1,70,66
7081,725601,7256,2,1,5,1981,-3,1986,-3,-3,-3,-3,-3,-3,-3,-3,86.6,19,79.2,8,100.5,53,58
7407,754302,7543,3,1,4,1978,-3,1986,-3,-3,21,91,28,22,88,22,106.5,68,104.3,61,105.1,63,94
7488,764901,7649,2,2,4,1975,-3,1986,-3,-3,-3,-3,-3,-3,-3,-3,94.3,34,107.2,68,81.2,10,132
7709,789101,7891,1,2,4,1981,-3,1986,-3,-3,-3,-3,-3,-3,-3,-3,103.7,61,104.8,63,100.5,53,58
8056,820201,8202,1,2,3,1979,-3,1986,-3,-3,-3,-3,-3,-3,-3,-3,110.4,75,98.0,45,118.1,88,86
8057,820202,8202,1,1,1,1980,-3,1986,-3,-3,-3,-3,-3,-3,-3,-3,103.1,58,94.4,34,111.9,79,76
8108,826401,8264,1,2,6,1979,-3,1986,-3,-3,-3,-3,-3,-3,-3,-3,71.9,3,71.1,3,84.5,16,80
8171,830502,8305,1,2,4,1980,-3,1986,-3,-3,-3,-3,-3,-3,-3,-3,79.7,9,71.1,3,98.2,45,73
8306,840101,8401,1,2,1,1976,-3,1986,-3,-3,47,107,69,55,116,86,102.3,55,83.3,13,121.4,92,121
8495,860001,8600,2,2,3,1978,-3,1986,-3,-3,-3,-3,-3,29,97,43,92.0,30,87.4,19,99.5,50,98
8515,861802,8618,2,2,12,1980,-3,1986,-3,-3,-3,-3,-3,-3,-3,-3,69.4,2,56.9,0,93.1,32,63
8539,864101,8641,2,2,8,1976,-3,1986,-3,-3,48,113,80,46,107,68,72.0,3,80.6,10,73.2,4,116
8584,868501,8685,2,2,2,1978,-3,1986,-3,-3,33,107,68,33,105,64,107.4,68,105.6,66,106.2,66,96
8678,877701,8777,3,2,7,1976,-3,1986,-3,-3,-3,-3,-3,37,96,39,95.5,39,80.6,10,111.4,77,115
8816,892602,8926,1,1,3,1981,-3,1986,-3,-3,-3,-3,-3,-3,-3,-3,99.4,47,85.6,18,116.4,86,59
8823,893401,8934,1,1,11,1980,-3,1986,-3,-3,-3,-3,-3,-3,-3,-3,91.2,27,84.7,16,100.6,53,63
8849,894901,8949,1,1,4,1980,-3,1986,-3,-3,-3,-3,-3,-3,-3,-3,73.8,4,84.7,16,70.7,3,70
8953,906001,9060,2,2,8,1971,-3,1986,-3,-3,-3,-3,-3,-3,-3,-3,62.2,1,65.4,1,74.5,5,174
8955,906003,9060,2,2,12,1974,-3,1986,-3,-3,-3,-3,-3,26,72,3,58.2,0,59.4,0,74.5,5,134
8956,906004,9060,2,2,1,1976,-3,1986,-3,-3,-3,-3,-3,-3,-3,-3,58.2,0,59.4,0,74.5,5,121
8957,906005,9060,2,1,8,1977,-3,1986,-3,-3,-3,-3,-3,-3,-3,-3,57.2,0,57.1,0,72.7,4,103
8996,910301,9103,3,1,3,1981,-3,1986,-3,-3,-3,-3,-3,-3,-3,-3,95.1,37,92.0,30,100.5,53,59
9166,927701,9277,1,2,12,1978,-3,1986,-3,-3,-3,-3,-3,-3,-3,-3,75.2,5,66.1,1,92.0,30,88
9207,932301,9323,2,1,8,1975,-3,1986,-3,-3,48,105,64,52,108,71,114.4,82,119.2,90,101.3,53,128
9398,952901,9529,1,2,4,1978,-3,1986,-3,-3,-3,-3,-3,-3,-3,-3,99.7,50,87.4,19,112.9,81,97
9399,952902,9529,1,1,2,1979,-3,1986,-3,-3,-3,-3,-3,-3,-3,-3,94.8,37,85.2,16,105.1,63,86
9409,953701,9537,1,1,6,1981,-3,1986,-3,-3,-3,-3,-3,-3,-3,-3,61.0,0,66.5,1,68.7,2,57
9422,955602,9556,2,2,9,1978,-3,1986,-3,-3,-3,-3,-3,22,91,28,83.0,13,72.5,4,98.6,47,91
9436,957501,9575,1,1,7,1976,-3,1986,-3,-3,47,111,77,47,108,70,91.6,30,100.3,50,85.9,18,115
9444,957802,9578,1,1,6,1981,-3,1986,-3,-3,-3,-3,-3,-3,-3,-3,112.2,79,104.8,63,116.4,86,56
9564,975402,9754,1,2,7,1978,-3,1986,-3,-3,-3,-3,-3,23,94,35,79.1,8,104.3,61,59.4,0,91
9581,976801,9768,2,1,11,1977,-3,1986,-3,-3,20,82,11,26,93,32,111.3,77,111.7,79,106.2,66,100
9639,983401,9834,3,1,6,1976,-3,1986,-3,-3,24,77,6,26,79,8,103.4,58,106.8,68,98.7,47,116
9677,986401,9864,3,2,1,1978,-3,1986,-3,-3,-3,-3,-3,-3,-3,-3,80.4,9,69.2,2,99.5,50,99
9762,994601,9946,1,2,2,1977,-3,1986,-3,-3,30,92,30,38,99,47,95.5,39,113.3,81,79.6,9,111
10048,1021303,10213,3,1,5,1981,-3,1986,-3,-3,-3,-3,-3,-3,-3,-3,95.1,37,92.0,30,100.5,53,58
10158,1032101,10321,2,1,4,1981,-3,1986,-3,-3,-3,-3,-3,-3,-3,-3,73.8,4,79.2,8,76.6,6,59
10306,1048101,10481,1,1,7,1978,-3,1986,-3,-3,33,112,78,33,111,76,122.2,93,110.7,77,124.7,95,91
10361,1053001,10530,1,2,12,1975,-3,1986,-3,-3,-3,-3,-3,-3,-3,-3,98.3,45,77.4,6,121.4,92,124
10362,1053002,10530,1,2,7,1979,-3,1986,-3,-3,-3,-3,-3,-3,-3,-3,91.4,27,71.1,3,118.7,90,82
10584,1113201,11132,3,1,6,1980,-3,1986,-3,-3,18,114,82,18,113,80,104.2,61,105.5,66,100.6,53,70
10919,1185002,11850,3,2,3,1981,-3,1986,-3,-3,-3,-3,-3,-3,-3,-3,90.9,27,72.8,4,116.4,86,59
11207,1216401,12164,3,2,2,1978,-3,1986,-3,-3,-3,-3,-3,50,121,92,107.4,68,99.6,50,112.9,81,99
11328,1230301,12303,2,2,7,1978,-3,1986,-3,-3,-3,-3,-3,-3,-3,-3,98.7,47,85.2,16,111.6,79,93
11881,38201,382,2,2,4,1976,-3,1988,-3,-3,-3,-3,-3,-3,-3,-3,99.1,47,106.7,68,90.8,27,151
12070,59004,590,3,1,8,1983,-3,1988,-3,-3,-3,-3,-3,-3,-3,-3,49.7,0,32.7,13,83.1,13,60
12363,92801,928,3,1,9,1981,-3,1988,-3,-3,-3,-3,-3,-3,-3,-3,96.7,42,92.6,32,102.0,55,84
12390,95301,953,3,2,10,1978,-3,1988,-3,-3,-3,-3,-3,-3,-3,-3,116.3,86,108.0,70,118.4,88,118
12925,145501,1455,3,2,2,1973,-3,1988,-3,-3,-3,-3,-3,-3,-3,-3,104.3,61,95.4,37,111.5,79,186
12927,145503,1455,3,2,12,1977,-3,1988,-3,-3,-3,-3,-3,-3,-3,-3,88.3,21,82.9,13,97.7,45,129
13286,183401,1834,1,1,3,1982,-3,1988,-3,-3,-3,-3,-3,-3,-3,-3,110.3,75,101.5,55,115.9,86,80
13592,216102,2161,3,1,3,1981,-3,1988,-3,-3,-3,-3,-3,-3,-3,-3,108.4,70,104.5,63,109.2,73,89
13808,239802,2398,3,1,6,1983,-3,1988,-3,-3,-3,-3,-3,-3,-3,-3,109.2,73,102.2,55,113.4,81,65
13827,240801,2408,3,2,12,1980,-3,1988,-3,-3,-3,-3,-3,-3,-3,-3,104.5,63,104.5,63,102.0,55,94
13896,248203,2482,3,1,3,1983,-3,1988,-3,-3,-3,-3,-3,-3,-3,-3,84.3,14,73.1,4,102.4,55,65
14066,267201,2672,1,2,4,1979,-3,1988,-3,-3,24,83,13,34,97,41,99.7,50,96.8,42,101.9,55,110
14393,304602,3046,2,1,4,1975,-3,1988,-3,-3,-3,-3,-3,-3,-3,-3,104.3,61,95.4,37,111.5,79,160
14749,343601,3436,1,1,7,1983,-3,1988,-3,-3,-3,-3,-3,-3,-3,-3,108.3,70,94.9,37,121.0,92,63
14968,363502,3635,3,2,11,1981,-3,1988,-3,-3,-3,-3,-3,-3,-3,-3,117.9,88,113.9,82,115.9,86,83
15049,370301,3703,2,1,3,1975,-3,1988,-3,-3,49,93,32,45,87,19,76.3,5,89.1,23,70.1,2,160
15333,399201,3992,3,1,10,1973,-3,1988,-3,-3,-3,-3,-3,57,94,35,112.3,79,114.3,82,104.6,63,179
15347,400301,4003,3,1,9,1977,-3,1988,-3,-3,-3,-3,-3,-3,-3,-3,100.3,50,101.7,55,97.7,45,131
15348,400302,4003,3,2,1,1980,-3,1988,-3,-3,-3,-3,-3,-3,-3,-3,98.5,47,102.8,58,93.7,34,102
15595,424901,4249,3,1,4,1981,-3,1988,-3,-3,55,135,99,56,135,99,92.8,32,92.6,32,94.8,37,87
15718,439601,4396,3,1,8,1981,-3,1988,-3,-3,31,115,84,28,110,75,91.4,27,89.1,23,95.5,39,84
15721,440002,4400,3,1,10,1980,-3,1988,-3,-3,-3,-3,-3,-3,-3,-3,100.6,53,104.5,63,94.8,37,94
15743,443401,4434,3,2,12,1975,-3,1988,-3,-3,-3,-3,-3,-3,-3,-3,112.3,79,101.7,55,118.4,88,155
16541,527103,5271,3,2,8,1983,-3,1988,-3,-3,-3,-3,-3,-3,-3,-3,96.7,42,103.0,58,90.4,25,59
16684,539101,5391,3,1,2,1979,-3,1988,-3,-3,-3,-3,-3,-3,-3,-3,116.5,87,109.8,75,115.4,84,116
16685,539102,5391,3,1,8,1981,-3,1988,-3,-3,-3,-3,-3,-3,-3,-3,116.3,86,110.5,77,116.5,87,85
16717,543401,5434,3,1,10,1978,-3,1988,-3,-3,-3,-3,-3,-3,-3,-3,115.2,84,108.5,73,114.7,84,119
16718,543402,5434,3,2,1,1981,-3,1988,-3,-3,-3,-3,-3,-3,-3,-3,103.3,58,102.7,58,102.0,55,91
16719,543403,5434,3,1,3,1983,-3,1988,-3,-3,-3,-3,-3,-3,-3,-3,94.0,34,80.4,9,111.7,79,65
17049,578201,5782,1,2,7,1978,-3,1988,-3,-3,52,115,84,50,108,71,108.3,70,108.0,70,104.6,63,121
17143,586201,5862,1,1,9,1983,-3,1988,-3,-3,-3,-3,-3,-3,-3,-3,81.5,12,73.1,4,96.5,42,60
17684,633602,6336,2,2,7,1983,-3,1988,-3,-3,-3,-3,-3,-3,-3,-3,95.4,37,87.6,21,105.0,63,61
17809,640701,6407,2,1,12,1981,-3,1988,-3,-3,18,99,47,18,98,44,102.8,58,89.1,23,115.9,86,80
18385,703101,7031,3,2,10,1983,-3,1988,-3,-3,-3,-3,-3,-3,-3,-3,104.6,63,109.5,75,96.5,42,58
18658,727601,7276,2,1,6,1979,-3,1988,-3,-3,-3,-3,-3,-3,-3,-3,112.3,79,109.8,75,108.6,73,108
18741,736702,7367,3,2,9,1983,-3,1988,-3,-3,-3,-3,-3,-3,-3,-3,104.5,63,109.4,73,97.6,45,59
18756,738801,7388,2,1,1,1983,-3,1988,-3,-3,-3,-3,-3,-3,-3,-3,109.2,73,102.2,55,113.4,81,68
18818,744302,7443,2,2,11,1983,-3,1988,-3,-3,-3,-3,-3,-3,-3,-3,116.2,86,115.8,86,112.2,79,59
18865,746401,7464,2,1,3,1977,-3,1988,-3,-3,-3,-3,-3,-3,-3,-3,120.2,91,120.5,92,111.5,79,140
19032,764601,7646,2,1,7,1972,-3,1988,-3,-3,-3,-3,-3,-3,-3,-3,84.3,14,76.6,6,97.7,45,192
19488,808301,8083,1,2,1,1983,-3,1988,-3,-3,-3,-3,-3,-3,-3,-3,95.4,37,87.6,21,105.0,63,67
19977,852202,8522,3,1,7,1979,-3,1988,-3,-3,52,122,93,55,123,94,103.9,61,103.3,58,101.9,55,111
20066,861802,8618,2,2,12,1980,-3,1988,-3,-3,-3,-3,-3,-3,-3,-3,88.9,23,92.6,32,87.5,21,93
20400,894901,8949,1,1,4,1980,-3,1988,-3,-3,-3,-3,-3,-3,-3,-3,98.5,47,96.4,39,101.2,53,99
20467,902502,9025,3,2,8,1983,-3,1988,-3,-3,-3,-3,-3,-3,-3,-3,87.3,19,77.4,6,102.7,58,59
20798,937403,9374,1,2,6,1983,-3,1988,-3,-3,-3,-3,-3,-3,-3,-3,81.5,12,73.1,4,96.5,42,61
20987,957501,9575,1,1,7,1976,-3,1988,-3,-3,46,94,34,59,107,69,99.1,47,99.8,50,97.7,45,144
21192,983403,9834,3,1,8,1982,-3,1988,-3,-3,-3,-3,-3,-3,-3,-3,95.2,37,95.3,37,95.5,39,72
21358,998101,9981,1,2,5,1979,-3,1988,-3,-3,45,110,75,40,101,53,112.3,79,103.3,58,115.4,84,111
21408,1002603,10026,1,2,7,1982,-3,1988,-3,-3,-3,-3,-3,-3,-3,-3,68.7,2,64.2,1,81.9,12,75
21515,1011901,10119,3,1,9,1978,-3,1988,-3,-3,-3,-3,-3,50,108,71,96.3,39,89.1,23,104.6,63,120
21759,1037501,10375,1,1,11,1979,-3,1988,-3,-3,48,119,90,74,85,16,97.2,42,102.8,58,91.5,30,107
22421,1180201,11802,2,1,9,1978,-3,1988,-3,-3,28,85,16,32,88,22,103.9,61,109.8,75,95.1,37,117
22537,1191201,11912,3,1,2,1982,-3,1988,-3,-3,-3,-3,-3,-3,-3,-3,109.6,75,106.5,68,109.1,73,79
22538,1191202,11912,3,1,9,1983,-3,1988,-3,-3,-3,-3,-3,-3,-3,-3,100.6,53,115.8,86,83.1,13,60
22693,1208501,12085,3,1,11,1977,-3,1988,-3,-3,51,109,72,54,110,75,95.1,37,99.8,50,90.8,27,129
23224,15301,153,3,1,2,1985,-3,1990,-3,-3,-3,-3,-3,-3,-3,-3,95.5,39,93.0,32,100.2,50,67
23292,22801,228,1,2,2,1980,-3,1990,-3,-3,-3,-3,-3,-3,-3,-3,97.2,42,99.7,50,95.4,37,127
23329,25502,255,3,2,5,1984,-3,1990,-3,-3,-3,-3,-3,-3,-3,-3,91.7,30,94.4,34,90.9,27,75
23386,31401,314,3,1,11,1981,-3,1990,-3,-3,-3,-3,-3,-3,-3,-3,116.5,87,119.9,91,105.9,66,105
23547,50701,507,3,1,4,1985,-3,1990,-3,-3,-3,-3,-3,-3,-3,-3,95.5,39,93.0,32,100.2,50,64
24001,102503,1025,2,1,1,1980,-3,1990,-3,-7,-7,-3,-3,-7,-3,-3,64.2,1,67.4,1,73.7,4,127
24002,102504,1025,2,2,2,1982,-3,1990,-3,-7,-7,-3,-3,-7,-3,-3,68.3,2,62.9,1,85.2,16,102
24003,102505,1025,2,1,3,1983,-3,1990,-3,-7,-7,-3,-3,-7,-3,-3,63.9,1,64.8,1,77.1,6,89
24029,105602,1056,3,2,1,1984,-3,1990,-3,-3,18,95,38,20,97,42,91.7,30,94.4,34,90.9,27,79
24040,106901,1069,3,1,7,1982,-3,1990,-3,-3,20,82,11,23,86,17,92.6,32,94.6,37,92.6,32,96
24088,111201,1112,3,1,10,1984,-3,1990,-3,-3,-3,-3,-3,-3,-3,-3,109.0,73,100.0,50,116.4,86,70
24158,117201,1172,3,2,8,1983,-3,1990,-3,-3,-3,-3,-3,-3,-3,-3,119.8,91,112.2,79,121.6,93,85
24159,117202,1172,3,1,9,1984,-3,1990,-3,-3,-3,-3,-3,-3,-3,-3,116.1,86,111.9,79,114.6,84,72
24183,120201,1202,2,1,3,1982,-3,1990,-3,-3,-3,-3,-3,-3,-3,-3,116.9,87,119.9,91,107.4,68,102
24268,125801,1258,3,2,5,1985,-3,1990,-3,-3,-3,-3,-3,-3,-3,-3,118.0,88,114.0,82,116.4,86,64
24274,126301,1263,3,1,2,1985,-3,1990,-3,-3,-3,-3,-3,-3,-3,-3,100.0,50,114.0,82,84.0,14,67
24282,127901,1279,3,1,10,1983,-3,1990,-3,-3,-3,-3,-3,-3,-3,-3,120.1,91,111.9,79,122.5,94,82
24406,140107,1401,1,1,11,1985,-3,1990,-3,-3,-3,-3,-3,-3,-3,-3,87.3,19,92.8,32,85.5,18,59
24471,145101,1451,1,2,8,1979,-3,1990,-3,-3,-3,-3,-3,-3,-3,-3,88.9,23,67.4,1,117.0,87,132
24489,147001,1470,3,2,1,1978,-3,1990,-3,-3,51,98,45,57,102,55,93.1,32,99.7,50,88.1,21,150
24490,147002,1470,3,1,4,1979,-3,1990,-3,-3,44,93,32,45,93,31,101.3,53,106.1,66,95.4,37,135
24570,155201,1552,3,1,5,1977,-3,1990,-3,-3,-3,-3,-3,-3,-3,-3,105.5,66,112.6,81,95.4,37,159
24770,176901,1769,3,1,12,1983,-3,1990,-3,-3,-3,-3,-3,-3,-3,-3,91.7,30,88.5,23,98.8,47,79
24772,177001,1770,3,2,5,1983,-3,1990,-3,-3,-3,-3,-3,22,95,36,87.8,21,76.7,6,106.8,68,87
24822,182601,1826,3,2,5,1981,-3,1990,-3,-3,48,114,83,46,108,71,114.1,82,114.8,84,107.9,70,111
24838,183402,1834,1,2,5,1985,-3,1990,-3,-3,-3,-3,-3,-3,-3,-3,104.5,63,100.0,50,108.3,70,64
24863,185601,1856,3,1,1,1983,-3,1990,-3,-3,-3,-3,-3,-3,-3,-3,95.8,39,100.4,50,91.9,30,92
24896,190001,1900,3,1,3,1980,-3,1990,-3,-3,-3,-3,-3,-3,-3,-3,105.5,66,112.6,81,95.4,37,127
24897,190002,1900,3,2,2,1982,-3,1990,-3,-3,-3,-3,-3,-3,-3,-3,104.8,63,107.2,68,100.0,50,104
24976,199702,1997,3,2,9,1982,-3,1990,-3,-3,25,96,39,35,108,70,116.9,87,107.2,68,122.2,93,97
25059,207703,2077,3,1,9,1975,-3,1990,-3,-3,-3,-3,-3,84,135,99,97.2,42,86.8,19,109.8,75,202
25093,211201,2112,3,1,10,1977,-3,1990,-3,-3,72,121,92,72,118,89,117.8,88,125.5,96,102.6,58,154
25143,216102,2161,3,1,3,1981,-3,1990,-3,-3,-3,-3,-3,-3,-3,-3,89.8,25,96.3,39,85.9,18,113
25339,237401,2374,3,1,7,1977,-3,1990,-3,-3,-3,-3,-3,-3,-3,-3,112.9,81,112.6,81,108.4,70,158
25423,244704,2447,3,1,4,1983,-3,1990,-3,-3,-3,-3,-3,-3,-3,-3,91.8,30,88.5,23,99.3,47,90
25439,247401,2474,3,1,8,1976,-3,1990,-3,-3,-3,-3,-3,-3,-3,-3,101.3,53,112.6,81,88.1,21,168
25447,248203,2482,3,1,3,1983,-3,1990,-3,-3,-3,-3,-3,-3,-3,-3,59.9,0,52.9,0,84.5,16,90
25751,280801,2808,3,1,2,1983,-3,1990,-3,-3,20,91,28,25,100,49,83.8,14,82.6,13,91.9,30,91
25798,287804,2878,1,2,12,1983,-3,1990,-3,-3,-3,-3,-3,-3,-3,-3,87.7,21,65.1,1,122.5,94,83
25811,288601,2886,2,1,11,1976,-3,1990,-3,-3,72,117,87,67,107,68,88.9,23,86.8,19,95.4,37,167
25971,306801,3068,2,1,11,1976,-3,1990,-3,-3,-3,-3,-3,-3,-3,-3,93.1,32,106.1,66,80.9,10,166
25972,306802,3068,2,2,7,1981,-3,1990,-3,-3,-3,-3,-3,-3,-3,-3,93.9,34,108.6,73,78.6,8,109
26677,376801,3768,3,1,6,1973,-3,1990,-3,-3,-3,-3,-3,-3,-3,-3,113.7,82,106.1,66,117.0,87,208
26678,376802,3768,3,2,6,1975,-3,1990,-3,-3,-3,-3,-3,-3,-3,-3,108.8,73,104.9,63,109.8,75,184
26753,382401,3824,2,2,6,1982,-3,1990,-3,-3,-3,-3,-3,-3,-3,-3,100.7,53,100.9,53,100.0,50,99
26754,382402,3824,2,1,4,1983,-3,1990,-3,-3,-3,-3,-3,-3,-3,-3,91.8,30,88.5,23,99.3,47,89
27005,411501,4115,3,1,11,1981,-3,1990,-3,-3,-3,-3,-3,-3,-3,-3,100.7,53,94.6,37,107.4,68,106
27272,440002,4400,3,1,10,1980,-3,1990,-3,-3,-3,-3,-3,-3,-3,-3,89.8,25,90.1,25,93.2,32,119
27374,450502,4505,3,1,2,1983,-3,1990,-3,-3,21,91,28,22,88,22,95.8,39,112.2,79,77.1,6,93
27631,478002,4780,3,1,2,1980,-3,1990,-3,-3,41,94,35,47,101,53,97.2,42,99.7,50,95.4,37,125
27996,513801,5138,3,1,10,1982,-3,1990,-3,-3,-3,-3,-3,-3,-3,-3,95.8,39,94.4,34,99.3,47,94
28076,524701,5247,3,2,9,1983,-3,1990,-3,-3,34,118,88,43,125,95,103.8,61,94.4,34,114.2,82,84
28188,534101,5341,3,1,8,1985,-3,1990,-3,-3,-3,-3,-3,-3,-3,-3,114.4,82,114.8,84,109.2,73,59
28301,546601,5466,2,2,12,1981,-3,1990,-3,-3,-3,-3,-3,-3,-3,-3,108.0,70,126.2,96,85.2,16,107
28511,570502,5705,3,1,12,1983,-3,1990,-3,-3,-3,-3,-3,-3,-3,-3,91.7,30,100.2,50,83.0,13,80
28543,572901,5729,1,2,6,1985,-3,1990,-3,-3,-3,-3,-3,-3,-3,-3,118.0,88,114.0,82,116.4,86,61
28637,581702,5817,1,2,10,1985,-3,1990,-3,-3,-3,-3,-3,-3,-3,-3,95.5,39,100.0,50,92.1,30,61
28694,586201,5862,1,1,9,1983,-3,1990,-3,-3,-3,-3,-3,-3,-3,-3,79.9,9,76.7,6,91.9,30,82
28710,587802,5878,1,1,12,1984,-3,1990,-3,-3,-3,-3,-3,-3,-3,-3,50.4,0,44.1,0,75.9,5,66
29407,644802,6448,2,2,8,1978,-3,1990,-3,-7,-7,-3,-3,-7,-3,-3,80.7,10,80.3,9,88.1,21,143
29408,644803,6448,2,2,9,1982,-3,1990,-3,-7,-7,-3,-3,-7,-3,-3,71.9,3,88.5,23,62.2,1,95
29409,644804,6448,2,1,7,1985,-3,1990,-3,-7,-7,-3,-3,-7,-3,-3,68.4,2,65.0,1,84.0,14,61
30025,711601,7116,2,2,5,1976,-3,1990,-3,-3,51,93,31,63,102,56,84.8,16,99.7,50,73.7,4,172
30145,722001,7220,2,1,4,1980,-3,1990,-3,-3,-3,-3,-3,-3,-3,-3,88.9,23,112.6,81,66.5,1,126
30147,722003,7220,2,1,11,1983,-3,1990,-3,-3,-3,-3,-3,-3,-3,-3,99.9,50,111.9,79,83.0,13,83
30148,722004,7220,2,1,2,1985,-3,1990,-3,-3,-3,-3,-3,-3,-3,-3,94.6,37,114.0,82,75.9,5,68
30165,724401,7244,1,2,5,1982,-3,1990,-3,-3,35,107,67,44,114,83,84.5,16,81.9,12,92.6,32,98
30307,738801,7388,2,1,1,1983,-3,1990,-3,-3,-3,-3,-3,-3,-3,-3,99.8,50,94.4,34,106.8,68,91
30317,739201,7392,2,1,12,1975,-3,1990,-3,-3,56,98,46,48,87,19,101.3,53,99.7,50,102.6,58,176
30726,781402,7814,2,1,6,1980,-3,1990,-3,-3,32,87,19,35,88,21,84.8,16,106.1,66,66.5,1,122
30793,786903,7869,1,1,12,1984,-3,1990,-3,-3,-3,-3,-3,-3,-3,-3,77.5,7,93.0,32,67.8,2,68
31080,812502,8125,2,2,1,1977,-3,1990,-3,-3,52,95,38,66,106,66,97.2,42,99.7,50,95.4,37,165
31102,814801,8148,1,1,9,1984,-3,1990,-3,-3,-3,-3,-3,-3,-3,-3,103.9,61,100.2,50,106.7,68,73
31286,830903,8309,1,2,6,1981,-3,1990,-3,-3,23,81,10,31,93,32,77.7,7,77.7,7,85.9,18,110
31864,886901,8869,1,1,1,1979,-3,1990,-3,-3,-3,-3,-3,-3,-3,-3,105.5,66,106.1,66,102.6,58,140
31865,886902,8869,1,1,4,1982,-3,1990,-3,-3,-3,-3,-3,-3,-3,-3,92.6,32,107.2,68,77.8,7,101
31868,887001,8870,1,1,7,1979,-3,1990,-3,-3,-3,-3,-3,-3,-3,-3,101.3,53,99.7,50,102.6,58,134
31869,887002,8870,1,1,2,1983,-3,1990,-3,-3,-3,-3,-3,-3,-3,-3,103.8,61,100.4,50,106.8,68,91
31959,895501,8955,1,1,8,1978,-3,1990,-3,-3,-3,-3,-3,-3,-3,-3,88.9,23,99.7,50,80.9,10,145
31960,895502,8955,1,2,4,1984,-3,1990,-3,-3,-3,-3,-3,-3,-3,-3,83.6,14,88.5,23,83.0,13,77
31961,895601,8956,1,1,10,1975,-3,1990,-3,-3,-3,-3,-3,-3,-3,-3,122.0,93,119.1,90,117.0,87,181
31962,895602,8956,1,2,3,1979,-3,1990,-3,-3,-3,-3,-3,-3,-3,-3,117.4,87,111.3,77,117.0,87,141
32109,910901,9109,2,2,9,1981,-3,1990,-3,-3,20,74,4,21,72,3,89.8,25,77.7,7,107.9,70,108
32186,920101,9201,2,2,2,1976,-3,1990,-3,-3,43,82,11,61,99,47,93.1,32,93.2,32,95.4,37,174
32190,920502,9205,2,1,10,1984,-3,1990,-3,-3,-3,-3,-3,-3,-3,-3,54.9,0,58.1,0,67.8,2,70
32246,926101,9261,1,1,4,1979,-3,1990,-3,-3,43,92,29,66,116,85,97.2,42,106.1,66,88.1,21,138
32262,927402,9274,2,2,2,1979,-3,1990,-3,-3,41,89,23,61,112,78,97.2,42,106.1,66,88.1,21,139
32276,928401,9284,1,2,2,1976,-3,1990,-3,-3,-3,-3,-3,-3,-3,-3,84.8,16,93.2,32,80.9,10,177
32277,928402,9284,1,1,9,1977,-3,1990,-3,-3,-3,-3,-3,-3,-3,-3,76.6,6,86.8,19,73.7,4,158
32278,928403,9284,1,1,10,1978,-3,1990,-3,-3,-3,-3,-3,-3,-3,-3,80.7,10,86.8,19,80.9,10,145
32959,1002603,10026,1,2,7,1982,-3,1990,-3,-3,-3,-3,-3,-3,-3,-3,60.2,0,69.2,2,63.0,1,99
33253,1031301,10313,2,1,11,1985,-3,1990,-3,-3,-3,-3,-3,-3,-3,-3,118.9,90,107.5,70,125.0,95,59
33275,1033402,10334,2,1,6,1979,-3,1990,-3,-3,-3,-3,-3,-3,-3,-3,84.8,16,93.2,32,80.9,10,136
33534,1059001,10590,1,2,11,1983,-3,1990,-3,-3,-3,-3,-3,-3,-3,-3,91.7,30,94.4,34,90.9,27,83
34013,1184201,11842,2,1,5,1982,-3,1990,-3,-3,48,123,94,49,120,91,121.0,92,119.9,91,114.8,84,101
34282,1213001,12130,2,2,5,1980,-3,1990,-3,-3,37,91,27,37,90,26,101.3,53,86.8,19,117.0,87,125
34324,1217701,12177,1,2,9,1985,-3,1990,-3,-3,-3,-3,-3,-3,-3,-3,42.7,0,44.1,0,63.0,1,61
34691,4902,49,3,1,3,1987,-3,1992,-3,-3,-3,-3,-3,-3,-3,-3,98.3,45,113.1,81,81.6,12,64
34735,9901,99,3,1,6,1987,-3,1992,-3,-3,-3,-3,-3,-3,-3,-3,112.5,81,113.1,81,107.2,68,61
34843,22801,228,1,2,2,1980,-3,1992,-3,-3,-3,-3,-3,-3,-3,-3,104.6,63,99.5,50,108.2,70,151
34844,22802,228,1,1,6,1986,-3,1992,-3,-3,-3,-3,-3,-3,-3,-3,71.3,3,98.2,45,48.1,0,75
35183,61102,611,3,2,7,1986,-3,1992,-3,-3,-3,-3,-3,-3,-3,-3,112.5,81,105.4,63,115.8,86,71
35189,61802,618,3,2,12,1980,-3,1992,-3,-3,-3,-3,-3,-3,-3,-3,96.6,42,99.5,50,94.4,34,138
35239,66801,668,3,2,11,1983,-3,1992,-3,-3,-3,-3,-3,-3,-3,-3,106.3,66,105.2,63,104.6,63,104
35268,70401,704,3,1,8,1980,-3,1992,-3,-3,-3,-3,-3,-3,-3,-3,128.6,97,124.5,95,122.1,93,143
35414,86601,866,3,2,1,1985,-3,1992,-3,-3,22,97,42,27,103,58,108.2,70,116.3,86,96.2,39,90
35519,99202,992,3,1,10,1979,-3,1992,-3,-3,-3,-3,-3,-3,-3,-3,124.6,95,118.3,88,122.1,93,154
35573,104801,1048,3,1,5,1977,-3,1992,-3,-3,-3,-3,-3,-3,-3,-3,103.8,61,105.8,66,99.9,50,183
35583,105702,1057,2,2,11,1976,-3,1992,-3,-3,-3,-3,-3,-3,-3,-3,57.9,0,77.0,6,52.9,0,189
35705,117001,1170,3,1,12,1985,-3,1992,-3,-3,-3,-3,-3,-3,-3,-3,118.4,88,124.3,95,103.7,61,81
35706,117002,1170,3,1,5,1987,-3,1992,-3,-3,-3,-3,-3,-3,-3,-3,112.5,81,113.1,81,107.2,68,65
36057,149301,1493,3,1,7,1981,-3,1992,-3,-3,50,105,64,65,118,89,112.6,81,112.0,79,108.2,70,133
36121,155201,1552,3,1,5,1977,-3,1992,-3,-3,-3,-3,-3,-3,-3,-3,112.6,81,124.5,95,94.4,34,183
36429,187001,1870,3,2,2,1984,-3,1992,-3,-3,42,114,83,46,116,86,102.1,55,105.2,63,96.7,42,100
36431,187602,1876,3,2,12,1978,-3,1992,-3,-3,73,119,90,79,126,96,100.6,53,99.5,50,101.3,53,163
36484,193501,1935,3,2,7,1988,-3,1992,-3,-3,-3,-3,-3,-3,-3,-3,107.4,68,99.0,47,114.2,82,59
36504,196001,1960,3,2,6,1987,-3,1992,-3,-3,-3,-3,-3,-3,-3,-3,117.2,87,113.1,81,115.8,86,62
36706,217902,2179,3,2,5,1982,-3,1992,-3,-3,-3,-3,-3,26,79,8,76.7,6,80.8,10,80.6,10,122
36891,237402,2374,3,1,7,1986,-3,1992,-3,-3,-3,-3,-3,-3,-3,-3,109.8,75,111.3,77,103.7,61,72
36910,239802,2398,3,1,6,1983,-3,1992,-3,-3,-3,-3,-3,-3,-3,-3,107.6,70,112.8,81,97.9,45,109
37017,249901,2499,3,1,11,1979,-3,1992,-3,-3,-3,-3,-3,-3,-3,-3,104.6,63,87.0,19,122.1,93,151
37018,249902,2499,3,1,10,1982,-3,1992,-3,-3,-3,-3,-3,-3,-3,-3,97.9,45,78.9,8,122.0,93,116
37352,287901,2879,3,2,1,1984,-3,1992,-3,-3,-3,-3,-3,-3,-3,-3,106.3,66,111.5,79,96.7,42,103
37539,309302,3093,3,2,1,1987,-3,1992,-3,-3,-3,-3,-3,-3,-3,-3,103.0,58,105.4,63,98.7,47,65
37611,317801,3178,2,2,9,1982,-3,1992,-3,-3,-3,-3,-3,-3,-3,-3,116.2,86,124.5,95,99.9,50,121
37667,325901,3259,2,1,10,1977,-3,1992,-3,-3,-3,-3,-3,-3,-3,-3,33.1,32,50.1,0,39.1,32,178
37673,326801,3268,1,1,12,1984,-3,1992,-3,-3,-3,-3,-3,-3,-3,-3,54.5,0,57.0,0,65.7,1,94
38137,369101,3691,3,1,4,1986,-3,1992,-3,-3,-3,-3,-3,-3,-3,-3,79.9,9,72.2,3,95.7,39,79
38384,393601,3936,2,2,6,1986,-3,1992,-3,-3,-3,-3,-3,-3,-3,-3,109.8,75,111.3,77,103.7,61,76
38439,399501,3995,2,1,11,1979,-3,1992,-3,-3,-3,-3,-3,-3,-3,-3,103.8,61,110.8,77,94.4,34,155
38784,435401,4354,3,1,8,1980,-3,1992,-3,-3,-3,-3,-3,-3,-3,-3,112.6,81,118.3,88,101.3,53,143
38835,441702,4417,1,2,3,1985,-3,1992,-3,-3,-3,-3,-3,-3,-3,-3,95.8,39,96.5,42,96.2,39,90
39448,505901,5059,2,1,8,1985,-3,1992,-3,-3,27,113,80,37,123,94,60.2,0,75.4,5,56.0,0,82
39658,528302,5283,3,2,9,1982,-3,1992,-3,-3,49,110,75,53,113,81,92.6,32,93.3,32,94.4,34,120
39752,536902,5369,3,2,11,1987,-3,1992,-3,-3,-3,-3,-3,-3,-3,-3,98.3,45,105.4,63,90.2,25,67
39792,539702,5397,3,2,11,1984,-3,1992,-3,-3,29,105,62,30,104,61,111.9,79,116.3,86,102.3,55,94
40191,581901,5819,1,1,9,1984,-3,1992,-3,-3,-3,-3,-3,-3,-3,-3,80.9,10,67.5,2,104.6,63,96
40216,584001,5840,1,1,8,1979,-3,1992,-3,-3,-3,-3,-3,-3,-3,-3,104.6,63,99.5,50,108.2,70,157
40261,587802,5878,1,1,12,1984,-3,1992,-3,-3,-3,-3,-3,-3,-3,-3,81.8,12,80.0,9,88.6,23,92
40326,594701,5947,1,1,4,1979,-3,1992,-3,-3,-3,-3,-3,-3,-3,-3,66.3,1,77.0,6,66.8,1,161
40327,594702,5947,1,1,10,1980,-3,1992,-3,-3,-3,-3,-3,-3,-3,-3,64.7,1,62.0,1,80.6,10,143
40328,594703,5947,1,2,4,1986,-3,1992,-3,-3,-3,-3,-3,-3,-3,-3,51.2,0,47.4,0,71.9,3,77
40329,594704,5947,1,1,10,1987,-3,1992,-3,-3,-3,-3,-3,-3,-3,-3,67.5,2,78.2,7,65.3,1,59
40496,609102,6091,2,2,1,1978,-3,1992,-3,-3,-3,-3,-3,-3,-3,-3,92.6,32,118.3,88,66.8,1,176
40782,633501,6335,2,1,10,1981,-3,1992,-3,-3,-3,-3,-3,-3,-3,-3,104.6,63,99.5,50,108.2,70,130
40783,633502,6335,2,1,12,1983,-3,1992,-3,-3,-3,-3,-3,-3,-3,-3,97.9,45,98.9,47,96.7,42,104
41143,664203,6642,2,2,12,1983,-3,1992,-3,-3,-3,-3,-3,-3,-3,-3,102.1,55,105.2,63,96.7,42,106
41158,665401,6654,1,2,9,1979,-3,1992,-3,-3,-3,-3,-3,-3,-3,-3,88.6,23,68.3,2,115.2,84,156
41159,665402,6654,1,2,1,1986,-3,1992,-3,-3,-3,-3,-3,-3,-3,-3,79.9,9,72.2,3,95.7,39,80
41230,672001,6720,2,2,6,1983,-3,1992,-3,-3,-3,-3,-3,-3,-3,-3,48.7,0,57.2,0,57.9,0,111
41267,675801,6758,2,1,4,1978,-3,1992,-3,-3,-3,-3,-3,-3,-3,-3,84.6,16,99.5,50,73.7,4,173
41268,675802,6758,2,1,2,1981,-3,1992,-3,-3,-3,-3,-3,-3,-3,-3,92.6,32,112.0,79,73.7,4,140
41401,694001,6940,1,1,6,1986,-3,1992,-3,-3,-3,-3,-3,-3,-3,-3,122.7,94,124.3,95,111.6,79,76
41564,709701,7097,2,2,11,1974,-3,1992,-3,-3,-3,-3,-3,-3,-3,-3,76.7,6,87.0,19,73.7,4,214
41687,721501,7215,2,1,12,1985,-3,1992,-3,-3,-3,-3,-3,-3,-3,-3,109.8,75,111.3,77,103.7,61,78
41741,725902,7259,2,1,6,1987,-3,1992,-3,-3,-3,-3,-3,-3,-3,-3,65.2,1,74.6,5,64.5,1,60
41779,730201,7302,2,2,4,1979,-3,1992,-3,-3,-3,-3,-3,-3,-3,-3,116.2,86,112.0,79,114.5,84,161
41780,730202,7302,2,1,7,1980,-3,1992,-3,-3,-3,-3,-3,-3,-3,-3,116.2,86,112.0,79,114.5,84,146
41781,730203,7302,2,2,7,1984,-3,1992,-3,-3,-3,-3,-3,-3,-3,-3,114.4,82,111.5,79,111.7,79,99
41858,738801,7388,2,1,1,1983,-3,1992,-3,-3,-3,-3,-3,-3,-3,-3,103.4,58,94.3,34,114.0,82,114
41911,743803,7438,2,2,3,1985,-3,1992,-3,-3,-3,-3,-3,-3,-3,-3,115.7,86,115.6,86,110.8,77,90
42089,759501,7595,1,1,6,1987,-3,1992,-3,-3,-3,-3,-3,-3,-3,-3,88.8,23,74.6,5,107.2,68,63
42143,765201,7652,2,2,3,1983,-3,1992,-3,-3,-3,-3,-3,-3,-3,-3,102.6,58,98.6,47,106.0,66,115
42144,765202,7652,2,1,8,1985,-3,1992,-3,-3,-3,-3,-3,-3,-3,-3,95.8,39,89.9,25,103.9,61,86
42569,805902,8059,1,1,4,1979,-3,1992,-3,-3,33,75,5,39,80,9,96.6,42,87.0,19,108.2,70,159
42574,805907,8059,1,2,7,1987,-3,1992,-3,-3,-3,-3,-3,-3,-3,-3,82.7,13,55.4,0,115.8,86,60
42576,806101,8061,1,1,4,1987,-3,1992,-3,-3,-3,-3,-3,-3,-3,-3,98.3,45,90.0,25,107.2,68,63
42590,808301,8083,1,2,1,1983,-3,1992,-3,-3,-3,-3,-3,-3,-3,-3,82.3,12,63.4,1,114.0,82,114
42613,810901,8109,1,1,8,1978,-3,1992,-3,-3,43,82,12,43,81,10,88.6,23,87.0,19,94.4,34,169
42705,819802,8198,1,2,2,1986,-3,1992,-3,-3,-3,-3,-3,-3,-3,-3,60.2,0,61.1,0,71.9,3,79
43148,860001,8600,2,2,3,1978,-3,1992,-3,-3,-3,-3,-3,-3,-3,-3,70.7,3,90.8,27,59.8,0,174
43149,860002,8600,2,2,2,1987,-3,1992,-3,-3,-3,-3,-3,-3,-3,-3,65.2,1,82.3,12,56.0,0,66
43168,861802,8618,2,2,12,1980,-3,1992,-3,-3,-3,-3,-3,-3,-3,-3,88.6,23,99.5,50,80.6,10,140
43419,887001,8870,1,1,7,1979,-3,1992,-3,-3,-3,-3,-3,-3,-3,-3,80.6,10,68.3,2,101.3,53,158
43459,891301,8913,1,1,7,1985,-3,1992,-3,-3,-3,-3,-3,-3,-3,-3,87.6,21,83.3,13,96.2,39,84
43527,896703,8967,1,2,12,1983,-3,1992,-3,-3,-3,-3,-3,-3,-3,-3,51.6,0,57.0,0,61.1,0,93
43529,896705,8967,1,2,3,1986,-3,1992,-3,-3,-3,-3,-3,-3,-3,-3,46.9,0,52.6,0,59.2,0,78
43531,896901,8969,1,1,5,1987,-3,1992,-3,-3,-3,-3,-3,-3,-3,-3,79.4,8,67.0,1,98.7,47,64
43741,920502,9205,2,1,10,1984,-3,1992,-3,-3,-3,-3,-3,-3,-3,-3,58.6,0,70.1,2,58.0,0,92
43792,925703,9257,1,2,9,1984,-3,1992,-3,-3,-3,-3,-3,-3,-3,-3,93.3,32,87.3,19,102.3,55,95
43803,926801,9268,1,2,9,1983,-3,1992,-3,-3,-3,-3,-3,-3,-3,-3,111.8,79,119.0,90,97.9,45,108
43953,943401,9434,1,1,3,1987,-3,1992,-3,-3,-3,-3,-3,-3,-3,-3,74.6,5,74.6,5,81.6,12,63
44051,952901,9529,1,2,4,1978,-3,1992,-3,-3,41,80,9,47,86,18,91.4,27,93.3,32,92.3,30,172
44074,955601,9556,2,1,6,1976,-3,1992,-3,-3,36,69,2,42,74,4,68.7,2,68.3,2,80.6,10,192
44245,977802,9778,1,1,8,1987,-3,1992,-3,-3,-3,-3,-3,-3,-3,-3,98.5,47,99.0,47,97.9,45,59
44486,1000002,10000,2,1,11,1984,-3,1992,-3,-3,45,125,95,33,111,76,91.7,30,96.5,42,88.6,23,91
44510,1002603,10026,1,2,7,1982,-3,1992,-3,-3,-3,-3,-3,-3,-3,-3,72.7,4,80.8,10,73.7,4,121
44922,1043601,10436,1,1,9,1982,-3,1992,-3,-3,-3,-3,-3,-3,-3,-3,116.6,87,112.0,79,115.2,84,120
45001,1051602,10516,1,2,9,1987,-3,1992,-3,-3,-3,-3,-3,-3,-3,-3,107.4,68,99.0,47,114.2,82,58
45002,1051801,10518,1,2,7,1984,-3,1992,-3,-3,-3,-3,-3,-3,-3,-3,123.3,94,124.1,95,112.5,81,98
45601,1187301,11873,3,2,6,1977,-3,1992,-3,-3,64,104,60,82,131,98,108.6,73,99.5,50,115.2,84,183
45925,1222204,12222,2,1,12,1978,-3,1992,-3,-3,50,92,30,49,90,26,64.7,1,55.8,0,87.5,21,163
45958,1228101,12281,2,1,11,1979,-3,1992,-3,-3,79,128,97,63,107,69,92.6,32,80.8,10,108.2,70,153
45981,1230301,12303,2,2,7,1978,-3,1992,-3,-3,-3,-3,-3,-3,-3,-3,87.0,19,77.0,6,101.3,53,170
45982,1230302,12303,2,1,12,1980,-3,1992,-3,-3,-3,-3,-3,-3,-3,-3,95.4,37,77.0,6,115.2,84,140
46279,9602,96,3,2,12,1986,-3,1994,-3,-3,-3,-3,-3,-3,-3,-3,114.1,82,110.5,77,113.7,82,90
46395,22802,228,1,1,6,1986,-3,1994,-3,-3,-3,-3,-3,-3,-3,-3,74.3,4,77.0,6,79.8,9,101
46396,22803,228,1,1,12,1987,-3,1994,-3,-3,-3,-3,-3,-3,-3,-3,65.9,1,79.2,8,60.1,0,83
46592,43801,438,3,2,6,1987,-3,1994,-3,-3,-3,-3,-3,-3,-3,-3,100.5,53,96.8,42,104.9,63,85
46642,50301,503,3,2,1,1981,-3,1994,-3,-3,-3,-3,-3,-3,-3,-3,110.8,77,97.2,42,122.8,94,161
46643,50302,503,3,2,4,1986,-3,1994,-3,-3,-3,-3,-3,-3,-3,-3,105.3,63,91.1,27,119.8,91,99
46644,50303,503,3,2,8,1989,-3,1994,-3,-3,-3,-3,-3,-3,-3,-3,92.2,30,81.2,10,103.9,61,59
46679,54801,548,3,2,12,1982,-3,1994,-3,-3,-3,-3,-3,-3,-3,-3,106.5,68,103.9,61,107.2,68,143
46680,54802,548,3,1,4,1986,-3,1994,-3,-3,-3,-3,-3,-3,-3,-3,87.6,21,91.1,27,87.8,21,104
46790,66801,668,3,2,11,1983,-3,1994,-3,-3,-3,-3,-3,-3,-3,-3,110.8,77,123.9,95,91.5,30,128
46972,87601,876,3,2,8,1989,-3,1994,-3,-3,-3,-3,-3,-3,-3,-3,105.8,66,103.5,61,105.5,66,61
47016,92801,928,3,1,9,1981,-3,1994,-3,-3,-3,-3,-3,-3,-3,-3,89.0,23,103.9,61,75.8,5,156
47059,97501,975,3,2,2,1982,-3,1994,-3,-3,-3,-3,-3,-3,-3,-3,115.2,84,110.6,77,115.0,84,149
47060,97502,975,3,1,2,1985,-3,1994,-3,-3,-3,-3,-3,-3,-3,-3,110.3,75,104.5,63,113.6,82,113
47282,119902,1199,3,1,7,1988,-3,1994,-3,-3,-3,-3,-3,-3,-3,-3,100.4,50,91.9,30,111.2,77,72
48003,190401,1904,3,1,5,1980,-3,1994,-3,-3,-3,-3,-3,-3,-3,-3,119.5,91,117.2,87,115.0,84,169
48257,217902,2179,3,2,5,1982,-3,1994,-3,-3,-3,-3,-3,24,65,1,97.7,45,83.9,14,115.0,84,146
48481,240802,2408,3,2,11,1985,-3,1994,-3,-3,-3,-3,-3,-3,-3,-3,91.7,30,104.5,63,79.3,8,103
48482,240803,2408,3,1,6,1987,-3,1994,-3,-3,-3,-3,-3,-3,-3,-3,86.9,19,96.8,42,78.6,8,84
48981,296901,2969,1,2,7,1982,-3,1994,-3,-3,-3,-3,-3,-3,-3,-3,75.9,5,77.2,6,83.7,14,147
49060,305401,3054,3,1,8,1988,-3,1994,-3,-3,-3,-3,-3,-3,-3,-3,117.2,87,113.9,82,114.9,84,71
49284,332101,3321,3,2,6,1983,-3,1994,-3,-3,-3,-3,-3,-3,-3,-3,93.4,32,97.2,42,91.5,30,134
49285,332102,3321,3,1,6,1984,-3,1994,-3,-3,-3,-3,-3,-3,-3,-3,89.0,23,90.6,27,91.5,30,121
49438,345701,3457,3,1,5,1989,-3,1994,-3,-3,-3,-3,-3,-1,-3,-3,94.4,34,93.0,32,96.0,39,62
49478,350001,3500,1,1,9,1983,-3,1994,-3,-3,-3,-3,-3,-3,-3,-3,119.5,91,123.9,95,107.2,68,134
49481,350101,3501,3,1,10,1985,-3,1994,-3,-3,-3,-3,-3,-3,-3,-3,56.5,0,77.0,6,47.8,0,107
49506,352701,3527,3,2,12,1984,-3,1994,-3,-3,-3,-3,-3,-3,-3,-3,110.3,75,104.5,63,113.6,82,116
50001,400302,4003,3,2,1,1980,-3,1994,-3,-3,-3,-3,-3,-3,-3,-3,97.7,45,97.2,42,99.3,47,175
50107,411501,4115,3,1,11,1981,-3,1994,-3,-2,-3,-3,-3,-3,-3,-3,110.8,77,110.6,77,107.2,68,153
50284,428301,4283,3,1,8,1984,-3,1994,-3,-3,-3,-3,-3,-3,-3,-3,96.3,39,104.5,63,87.9,21,119
50285,428302,4283,3,1,5,1987,-3,1994,-3,-3,-3,-3,-3,-3,-3,-3,91.5,30,96.8,42,87.3,19,86
50328,434101,4341,1,1,4,1981,-3,1994,-3,-3,-3,-3,-3,-3,-3,-3,89.0,23,90.6,27,91.5,30,160
50374,440002,4400,3,1,10,1980,-3,1994,-3,-3,-3,-3,-3,-3,-3,-3,84.6,16,77.2,6,99.3,47,166
51054,510701,5107,3,2,8,1982,-3,1994,-3,-3,54,106,66,58,107,67,119.5,91,123.9,95,107.2,68,145
51859,592603,5926,2,1,10,1983,-3,1994,-3,-3,-3,-3,-3,-3,-3,-3,93.4,32,97.2,42,91.5,30,131
52538,648204,6482,2,1,1,1989,-3,1994,-3,-3,-3,-3,-3,-3,-3,-3,88.7,23,82.6,13,96.0,39,66
52710,665402,6654,1,2,1,1986,-3,1994,-3,-3,-3,-3,-3,-3,-3,-3,100.9,53,98.1,45,103.8,61,106
53225,719803,7198,2,2,1,1989,-3,1994,-3,-3,-3,-3,-3,-3,-3,-3,94.4,34,113.9,82,77.2,6,70
53254,722801,7228,2,2,12,1986,-3,1994,-3,-3,-3,-3,-3,-3,-3,-3,96.0,39,110.5,77,78.6,8,95
53258,723201,7232,2,1,5,1980,-3,1994,-3,-3,-3,-3,-3,-3,-3,-3,75.9,5,70.5,3,91.5,30,172
53292,725902,7259,2,1,6,1987,-3,1994,-3,-3,-3,-3,-3,-3,-3,-3,38.4,2,62.4,1,27.6,2,85
53462,743803,7438,2,2,3,1985,-3,1994,-3,-3,-3,-3,-3,-3,-3,-3,110.3,75,111.6,79,105.0,63,114
53640,759501,7595,1,1,6,1987,-3,1994,-3,-3,-3,-3,-3,-3,-3,-3,82.4,12,69.2,2,104.9,63,87
53889,786501,7865,1,2,4,1983,-3,1994,-3,-3,-3,-3,-3,-3,-3,-3,109.9,75,110.6,77,105.6,66,138
53890,786502,7865,1,1,2,1985,-3,1994,-3,-3,-3,-3,-3,-3,-3,-3,96.3,39,90.5,27,105.0,63,116
53891,786503,7865,1,1,7,1987,-3,1994,-3,-3,-3,-3,-3,-3,-3,-3,82.4,12,69.2,2,104.9,63,87
54124,805906,8059,1,1,4,1985,-3,1994,-3,-3,-3,-3,-3,-3,-3,-3,63.8,1,69.4,2,70.8,3,115
54255,819801,8198,1,1,1,1985,-3,1994,-3,-3,-3,-3,-3,-3,-3,-3,77.7,7,62.3,1,105.0,63,118
54256,819802,8198,1,2,2,1986,-3,1994,-3,-3,-3,-3,-3,-3,-3,-3,69.8,2,55.8,0,95.8,39,105
54257,819803,8198,1,2,2,1988,-3,1994,-3,-3,-3,-3,-3,-3,-3,-3,57.3,0,66.4,1,60.1,0,80
54258,819804,8198,1,2,11,1989,-3,1994,-3,-3,-3,-3,-3,-3,-3,-3,65.9,1,51.2,0,86.6,19,60
54755,865202,8652,2,2,10,1985,-3,1994,-3,-3,-3,-3,-3,-3,-3,-3,87.6,21,98.1,45,79.8,9,106
54806,869603,8696,2,1,8,1982,-3,1994,-3,-3,-3,-3,-3,-3,-3,-3,93.4,32,97.2,42,91.5,30,144
54807,869604,8696,2,2,1,1987,-3,1994,-3,-3,-3,-3,-3,-3,-3,-3,77.9,7,76.1,5,87.3,19,91
55021,892603,8926,1,1,9,1985,-3,1994,-3,-3,-3,-3,-3,-3,-3,-3,96.4,39,91.1,27,103.8,61,107
55082,896901,8969,1,1,5,1987,-3,1994,-3,-3,-3,-3,-3,-3,-3,-3,64.2,1,62.4,1,78.6,8,90
55083,896902,8969,1,2,8,1989,-3,1994,-3,-3,-3,-3,-3,-3,-3,-3,48.7,0,61.7,1,48.9,0,62
55273,918004,9180,2,1,2,1984,-3,1994,-3,-3,-3,-3,-3,-3,-3,-3,96.4,39,95.2,37,99.3,47,130
55274,918005,9180,2,2,6,1986,-3,1994,-3,-3,-3,-3,-3,-3,-3,-3,100.9,53,105.1,63,95.8,39,101
55354,926801,9268,1,2,9,1983,-3,1994,-3,-3,-3,-3,-3,-3,-3,-3,106.5,68,103.9,61,107.2,68,132
55358,927203,9272,1,1,8,1984,-3,1994,-3,-3,-3,-3,-3,-3,-3,-3,59.1,0,76.4,5,53.6,0,118
55384,928701,9287,2,2,9,1981,-3,1994,-3,-3,-3,-3,-3,-3,-3,-3,62.8,1,57.2,0,83.7,14,156
55618,954201,9542,2,2,7,1980,-3,1994,-3,-3,-3,-3,-3,-3,-3,-3,110.8,77,103.9,61,115.0,84,170
55619,954202,9542,2,2,11,1982,-3,1994,-3,-3,-3,-3,-3,-3,-3,-3,110.8,77,103.9,61,115.0,84,143
55870,985201,9852,1,1,10,1982,-3,1994,-3,-3,-3,-3,-3,-3,-3,-3,93.4,32,103.9,61,83.7,14,143
56061,1002603,10026,1,2,7,1982,-3,1994,-3,-3,-3,-3,-3,-3,-3,-3,65.0,1,65.9,1,75.8,5,148
56236,1019301,10193,2,1,4,1983,-3,1994,-3,-3,-3,-3,-3,-3,-3,-3,106.5,68,103.9,61,107.2,68,137
56402,1037101,10371,1,1,5,1980,-3,1994,-3,-3,45,84,14,31,69,2,101.2,53,109.2,73,91.5,30,170
56567,1053003,10530,1,1,12,1981,-3,1994,-3,-3,-3,-3,-3,-3,-3,-3,102.1,55,90.6,27,115.0,84,154
57145,1186501,11865,3,1,5,1985,-3,1994,-3,-3,-3,-3,-3,-3,-3,-3,105.6,66,118.6,90,87.9,21,111
57298,1202902,12029,3,2,9,1986,-3,1994,-3,-3,-3,-3,-3,-3,-3,-3,100.5,53,83.0,13,122.5,94,93
57816,7801,78,3,2,3,1989,-3,1996,-3,-3,36,119,90,42,125,95,99.5,47,108.8,73,86.6,19,86
58121,41402,414,3,2,5,1989,-3,1996,-3,-3,-3,-3,-3,-3,-3,-3,120.7,92,121.9,93,110.8,77,86
58197,50402,504,3,2,5,1989,-3,1996,-3,-3,-3,-3,-3,-3,-3,-3,85.4,16,102.2,55,66.4,1,85
58341,66801,668,3,2,11,1983,-3,1996,-3,-3,-3,-3,-3,-3,-3,-3,104.1,61,115.6,86,88.1,21,152
58342,66802,668,3,1,2,1988,-3,1996,-3,-3,-3,-3,-3,-3,-3,-3,107.9,70,102.4,55,111.1,77,102
58491,83602,836,1,1,11,1988,-3,1996,-3,-3,-3,-3,-3,-3,-3,-3,90.9,27,82.6,13,102.7,58,91
58702,107601,1076,1,1,10,1982,-3,1996,-3,-3,-3,-3,-3,-3,-3,-3,63.5,1,62.4,1,76.7,6,165
59184,152201,1522,2,2,11,1989,-3,1996,-3,-3,25,113,81,23,107,68,102.4,55,108.2,70,93.7,34,79
59214,154603,1546,3,2,2,1986,-3,1996,-3,-3,-3,-3,-3,-3,-3,-3,99.6,50,94.9,37,104.4,61,124
59484,183201,1832,2,2,5,1985,-3,1996,-3,-3,60,116,86,57,111,76,86.0,18,94.9,37,80.0,9,134
59808,217902,2179,3,2,5,1982,-3,1996,-3,-3,-3,-3,-3,28,65,1,90.5,27,74.2,4,112.6,81,168
59848,222401,2224,3,2,5,1987,-3,1996,-3,-3,-3,-3,-3,-3,-3,-3,67.7,2,76.2,5,68.0,2,110
60003,239502,2395,1,2,1,1982,-3,1996,-3,-3,-3,-3,-3,-3,-3,-3,86.0,18,88.0,21,88.1,21,172
60612,305402,3054,3,1,8,1990,-3,1996,-3,-3,-3,-3,-3,-3,-3,-3,109.7,75,102.8,58,112.5,81,71
60846,334701,3347,3,1,8,1983,-3,1996,-3,-3,-3,-3,-3,-3,-3,-3,113.1,81,101.8,55,120.7,92,153
61448,390601,3906,3,2,9,1984,-3,1996,-3,-3,-3,-3,-3,-3,-3,-3,113.1,81,115.6,86,104.4,61,140
61887,435402,4354,3,1,12,1982,-3,1996,-3,-3,-3,-3,-3,-3,-3,-3,104.1,61,108.7,73,96.3,39,163
61888,435403,4354,3,2,6,1989,-3,1996,-3,-3,-3,-3,-3,-3,-3,-3,95.2,37,108.8,73,78.5,7,85
61934,441605,4416,1,2,12,1987,-3,1996,-3,-3,-3,-3,-3,-3,-3,-3,79.7,9,74.1,4,93.6,34,104
61935,441606,4416,1,1,11,1989,-3,1996,-3,-3,-3,-3,-3,-3,-3,-3,66.1,1,62.0,1,85.0,16,81
62093,457802,4578,3,2,12,1987,-3,1996,-3,-3,-3,-3,-3,-3,-3,-3,65.6,1,52.9,0,93.6,34,102
62138,463802,4638,3,1,2,1982,-3,1996,-3,-3,19,65,1,24,65,1,86.0,18,74.2,4,104.4,61,171
62341,484204,4842,3,2,9,1986,-3,1996,-3,-3,-3,-3,-3,-3,-3,-3,119.1,90,117.2,87,113.5,82,119
62842,534102,5341,3,2,4,1988,-3,1996,-3,-3,-3,-3,-3,-3,-3,-3,98.5,47,95.3,37,102.3,55,98
62905,540903,5409,3,1,6,1989,-3,1996,-3,-3,-3,-3,-3,20,93,33,99.5,47,102.2,55,94.7,37,84
63294,581902,5819,1,1,12,1987,-3,1996,-3,-3,-3,-3,-3,-3,-3,-3,79.7,9,67.1,1,102.3,55,105
63297,582003,5820,1,1,9,1988,-3,1996,-3,-3,-3,-3,-3,-3,-3,-3,82.4,12,82.6,13,86.6,19,93
63348,586202,5862,1,1,10,1985,-3,1996,-3,-3,-3,-3,-3,-3,-3,-3,72.5,3,81.1,10,71.8,3,127
63835,629703,6297,2,1,8,1983,-3,1996,-3,-3,-3,-3,-3,-3,-3,-3,40.9,0,60.4,0,39.2,0,154
63836,629704,6297,2,1,11,1985,-3,1996,-3,-3,-3,-3,-3,-3,-3,-3,54.4,0,74.2,4,47.4,0,127
64380,677302,6773,1,1,7,1983,-3,1996,-3,-3,-3,-3,-3,-3,-3,-3,70.2,2,88.0,21,59.6,0,156
64568,700202,7002,2,2,5,1987,-3,1996,-3,-3,-3,-3,-3,-3,-3,-3,105.4,63,117.9,88,86.2,18,111
64569,700203,7002,2,1,9,1988,-3,1996,-3,-3,-3,-3,-3,-3,-3,-3,95.2,37,108.8,73,78.5,7,95
64755,718002,7180,2,2,3,1984,-3,1996,-3,-3,-3,-3,-3,-3,-3,-3,77.0,6,74.2,4,88.1,21,148
65692,808301,8083,1,2,1,1983,-3,1996,-3,-3,-3,-3,-3,-3,-3,-3,90.5,27,74.2,4,112.6,81,164
65807,819802,8198,1,2,2,1986,-3,1996,-3,-3,-3,-3,-3,-3,-3,-3,77.0,6,60.4,0,104.4,61,126
65808,819803,8198,1,2,2,1988,-3,1996,-3,-3,-3,-3,-3,-3,-3,-3,65.6,1,60.0,0,84.9,16,102
65809,819804,8198,1,2,11,1989,-3,1996,-3,-3,-3,-3,-3,-3,-3,-3,75.2,5,68.6,2,93.7,34,82
65827,821702,8217,1,1,5,1988,-3,1996,-3,-3,-3,-3,-3,-3,-3,-3,122.0,93,116.5,87,119.8,91,99
66011,835703,8357,1,1,2,1989,-3,1996,-3,-3,-3,-3,-3,-3,-3,-3,90.9,27,76.0,5,110.8,77,88
66581,893802,8938,1,2,2,1985,-3,1996,-3,-3,-3,-3,-3,-3,-3,-3,86.0,18,74.2,4,104.4,61,137
66582,893803,8938,1,1,6,1989,-3,1996,-3,-3,-3,-3,-3,-3,-3,-3,73.9,4,76.0,5,78.5,7,85
66663,901901,9019,2,1,6,1983,-3,1996,-3,-3,-3,-3,-3,-3,-3,-3,68.0,2,67.3,1,80.0,9,157
66843,920502,9205,2,1,10,1984,-3,1996,-3,-3,-3,-3,-3,-3,-3,-3,63.5,1,60.4,0,80.0,9,138
66845,920601,9206,2,1,11,1983,-3,1996,-3,-3,25,65,1,41,84,14,95.1,37,94.9,37,96.3,39,149
66916,927403,9274,2,2,2,1983,-3,1996,-3,-3,-3,-3,-3,-3,-3,-3,90.5,27,101.8,55,80.0,9,160
66973,934201,9342,2,2,7,1985,-3,1996,-3,-3,-3,-3,-3,-3,-3,-3,104.1,61,88.0,21,120.7,92,131
66982,934903,9349,1,2,8,1988,-3,1996,-3,-3,-3,-3,-3,-3,-3,-3,93.8,34,88.3,21,102.3,55,97
66983,934904,9349,1,2,6,1990,-3,1996,-3,-3,-3,-3,-3,-3,-3,-3,88.8,23,81.8,12,102.4,55,75
67155,952903,9529,1,1,3,1984,-3,1996,-3,-3,-3,-3,-3,-3,-3,-3,77.0,6,74.2,4,88.1,21,146
67528,995501,9955,1,2,6,1988,-3,1996,-3,-3,-3,-3,-3,-3,-3,-3,84.4,14,88.3,21,84.9,16,98
67612,1002603,10026,1,2,7,1982,-3,1996,-3,-3,-3,-3,-3,-3,-3,-3,56.2,0,70.0,2,55.5,0,169
67777,1018501,10185,1,2,1,1982,-3,1996,-3,-3,58,100,51,54,93,31,108.6,73,101.8,55,112.6,81,173
68187,1059001,10590,1,2,11,1983,-3,1996,-3,-3,-3,-3,-3,-3,-3,-3,99.6,50,108.7,73,88.1,21,152
68454,1137101,11371,3,2,7,1985,-3,1996,-3,-3,54,112,79,57,112,79,108.6,73,108.7,73,104.4,61,132
68629,1180701,11807,3,2,6,1988,-3,1996,-3,-3,-3,-3,-3,-3,-3,-3,98.5,47,95.3,37,102.3,55,98
68654,1182603,11826,2,1,2,1983,-3,1996,-3,-3,-3,-3,-3,-3,-3,-3,97.3,42,114.9,84,76.7,6,159
68664,1183901,11839,2,1,9,1986,-3,1996,-3,-3,-3,-3,-3,-3,-3,-3,72.4,3,83.2,13,68.0,2,116
68721,1189101,11891,1,1,5,1984,-3,1996,-3,-3,-3,-3,-3,-3,-3,-3,63.5,1,60.4,0,80.0,9,146
68722,1189102,11891,1,1,3,1987,-3,1996,-3,-3,-3,-3,-3,-3,-3,-3,58.2,0,62.4,1,68.0,2,113
68774,1194801,11948,1,2,3,1989,-3,1996,-3,-3,41,120,91,42,121,92,82.4,12,89.1,23,78.5,7,87
68828,1200402,12004,3,2,12,1983,-3,1996,-3,-3,-3,-3,-3,-3,-3,-3,72.5,3,101.8,55,47.4,0,150
68849,1202902,12029,3,2,9,1986,-3,1996,-3,-3,-3,-3,-3,-3,-3,-3,105.4,63,90.1,25,122.6,94,117
68909,1210402,12104,3,1,6,1988,-3,1996,-3,-3,-3,-3,-3,-3,-3,-3,117.3,87,116.5,87,111.1,77,96
69464,18801,188,3,2,4,1985,-3,1998,-3,-3,-3,-3,-3,-3,-3,-3,125.3,95,121.2,92,121.2,92,160
69864,63203,632,3,1,6,1987,-3,1998,-3,-3,-3,-3,-3,-3,-3,-3,107.6,70,114.4,82,96.1,39,130
69895,66804,668,3,1,5,1992,-3,1998,-3,-3,-3,-3,-3,-3,-3,-3,92.5,32,107.6,70,73.2,4,72
70233,105602,1056,3,2,1,1984,-3,1998,-3,-3,-3,-3,-3,-3,-3,-3,98.7,47,94.0,34,104.5,61,174
70389,120301,1203,2,1,5,1987,-3,1998,-3,-3,-3,-3,-3,-3,-3,-3,103.1,58,107.6,70,96.1,39,132
70390,120302,1203,2,1,12,1989,-3,1998,-3,-3,-3,-3,-3,-3,-3,-3,96.4,39,92.9,32,100.9,53,102
70398,121003,1210,2,1,1,1986,-3,1998,-3,-3,-3,-3,-3,-3,-3,-3,72.1,3,66.9,1,87.7,21,151
70818,160601,1606,3,2,11,1991,-3,1998,-3,-3,-3,-3,-3,-3,-3,-3,83.0,13,80.9,10,92.2,30,79
70993,178903,1789,3,2,12,1989,-3,1998,-3,-3,-3,-3,-3,-3,-3,-3,96.4,39,92.9,32,100.9,53,102
71091,188501,1885,3,2,7,1992,-3,1998,-3,-3,-3,-3,-3,-3,-3,-3,116.2,86,114.3,82,111.2,77,72
71168,198003,1980,3,2,1,1989,-3,1998,-3,-3,-3,-3,-3,-3,-3,-3,98.0,45,95.7,39,101.3,53,114
71399,222401,2224,3,2,5,1987,-3,1998,-3,-3,-3,-3,-3,-3,-3,-3,63.2,1,94.0,34,37.6,0,133
72124,302703,3027,2,1,8,1987,-3,1998,-3,-3,-3,-3,-3,-3,-3,-3,80.9,10,80.5,9,87.7,21,130
72125,302704,3027,2,2,1,1991,-3,1998,-3,-3,-3,-3,-3,-3,-3,-3,86.2,18,92.1,30,81.1,10,89
72178,306902,3069,2,1,4,1987,-3,1998,-3,-3,-3,-3,-3,-3,-3,-3,103.1,58,100.8,53,104.5,61,135
72285,320401,3204,3,2,11,1988,-3,1998,-3,-3,-3,-3,-3,-3,-3,-3,88.7,23,95.7,39,83.8,14,118
72955,382301,3823,2,1,2,1984,-3,1998,-3,-3,-3,-3,-3,-3,-3,-3,116.4,86,121.2,92,104.5,61,174
72956,382302,3823,2,2,3,1986,-3,1998,-3,-3,-3,-3,-3,-3,-3,-3,112.0,79,114.4,82,104.5,61,149
73042,394501,3945,2,2,3,1991,-3,1998,-3,-3,-3,-3,-3,-3,-3,-3,81.4,10,84.8,16,81.1,10,86
73075,397801,3978,2,2,6,1989,-3,1998,-3,-3,-3,-3,-3,-3,-3,-3,88.7,23,95.7,39,83.8,14,109
73116,401901,4019,3,2,3,1989,-3,1998,-3,-3,-3,-3,-3,-3,-3,-3,107.3,68,109.6,75,101.3,53,110
73140,403802,4038,3,2,11,1986,-3,1998,-3,-3,-3,-3,-3,-3,-3,-3,98.7,47,100.8,53,96.1,39,141
73163,406002,4060,3,2,7,1985,-3,1998,-3,-3,-3,-3,-3,-3,-3,-3,98.7,47,100.8,53,96.1,39,157
73439,435403,4354,3,2,6,1989,-3,1998,-3,-3,-3,-3,-3,-3,-3,-3,102.6,58,123.5,95,75.1,5,108
73517,445101,4451,3,2,3,1990,-3,1998,-3,-3,-3,-3,-3,-3,-3,-3,96.4,39,86.0,18,109.5,73,99
73644,457802,4578,3,2,12,1987,-3,1998,-3,-3,-3,-3,-3,-3,-3,-3,80.9,10,66.9,1,104.5,61,127
73732,468901,4689,3,2,5,1991,-3,1998,-3,-3,-3,-3,-3,-3,-3,-3,110.0,75,114.2,82,99.9,50,85
73974,493402,4934,3,1,11,1984,-3,1998,-3,-3,-3,-3,-3,-3,-3,-3,85.4,16,87.2,19,87.7,21,162
74393,534102,5341,3,2,4,1988,-3,1998,-3,-3,-3,-3,-3,-3,-3,-3,94.2,34,100.8,53,87.7,21,123
74480,544201,5442,3,1,2,1991,-3,1998,-3,-3,-3,-3,-3,-3,-3,-3,90.9,27,106.8,68,71.7,3,86
74493,545902,5459,3,2,3,1991,-3,1998,-3,-3,-3,-3,-3,-3,-3,-3,100.5,50,106.8,68,90.5,27,85
74526,548001,5480,2,2,3,1984,-3,1998,-3,-3,-3,-3,-3,-3,-3,-3,76.5,5,80.5,9,79.4,8,173
74527,548002,5480,2,1,6,1986,-3,1998,-3,-3,-3,-3,-3,-3,-3,-3,80.9,10,73.7,4,96.1,39,145
74862,583501,5835,1,2,3,1990,-3,1998,-3,-3,-3,-3,-3,-3,-3,-3,114.5,82,106.8,68,118.1,88,98
74927,588903,5889,2,2,11,1987,-3,1998,-3,-3,-3,-3,-3,-3,-3,-3,89.8,25,94.0,34,87.7,21,-7
74928,588904,5889,2,2,8,1989,-3,1998,-3,-3,-3,-3,-3,-3,-3,-3,82.8,13,92.9,32,75.0,5,-7
74934,589702,5897,2,2,6,1985,-3,1998,-3,-3,-3,-3,-3,-3,-3,-3,98.7,47,107.6,70,87.7,21,-7
74945,591101,5911,2,2,8,1984,-3,1998,-3,-3,42,82,12,53,94,35,98.7,47,94.0,34,104.5,61,166
74951,591602,5916,2,1,9,1989,-3,1998,-3,-3,-3,-3,-3,-3,-3,-3,79.4,8,102.7,58,57.7,0,108
74952,591603,5916,2,1,6,1992,-3,1998,-3,-3,-3,-3,-3,-3,-3,-3,87.8,21,107.6,70,63.7,1,75
74957,592301,5923,2,2,10,1984,-3,1998,-3,-3,-3,-3,-3,-3,-3,-3,85.4,16,80.5,9,96.1,39,165
74958,592302,5923,2,1,7,1990,-3,1998,-3,-3,-3,-3,-3,-3,-3,-3,81.4,10,84.8,16,81.1,10,95
74963,592701,5927,2,1,2,1987,-3,1998,-3,-3,-3,-3,-3,-3,-3,-3,84.0,14,99.4,47,71.0,3,139
75217,617703,6177,2,2,7,1991,-3,1998,-3,-3,-3,-3,-3,-3,-3,-3,71.9,3,84.8,16,62.2,1,85
75739,660203,6602,2,1,8,1986,-3,1998,-3,-3,-3,-3,-3,-3,-3,-3,76.5,5,94.0,34,62.7,1,143
75803,664502,6645,2,1,4,1991,-3,1998,-3,-3,-3,-3,-3,35,115,84,67.1,1,70.1,2,71.7,3,86
76200,708503,7085,2,1,12,1986,-3,1998,-3,-3,-3,-3,-3,-3,-3,-3,76.5,5,80.5,9,79.4,8,138
76306,718002,7180,2,2,3,1984,-3,1998,-3,-3,-3,-3,-3,-3,-3,-3,69.8,2,69.6,2,79.4,8,173
76394,725902,7259,2,1,6,1987,-3,1998,-3,-3,-3,-3,-3,-3,-3,-3,54.3,0,87.2,19,29.3,0,130
76434,730203,7302,2,2,7,1984,-3,1998,-3,-3,-3,-3,-3,-3,-3,-3,103.1,58,100.8,53,104.5,61,169
76966,783302,7833,1,1,4,1988,-3,1998,-3,-3,-3,-3,-3,-3,-3,-3,116.4,86,114.4,82,112.8,81,120
77065,792802,7928,2,2,10,1988,-3,1998,-3,-3,-3,-3,-3,-3,-3,-3,82.6,13,95.7,39,71.6,3,116
77066,792803,7928,2,2,6,1991,-3,1998,-3,-3,-3,-3,-3,-3,-3,-3,81.4,10,99.5,47,62.2,1,85
77226,805906,8059,1,1,4,1985,-3,1998,-3,-3,-3,-3,-3,-3,-3,-3,89.8,25,87.2,19,96.1,39,158
77262,810303,8103,1,2,12,1985,-3,1998,-3,-3,-3,-3,-3,-3,-3,-3,102.2,55,94.0,34,112.0,79,151
78146,894402,8944,1,1,10,1990,-3,1998,-3,-3,-3,-3,-3,-3,-3,-3,62.4,1,62.8,1,71.7,3,92
78381,918302,9183,2,2,8,1985,-3,1998,-3,-3,-3,-3,-3,-3,-3,-3,74.7,5,87.2,19,66.9,1,156
78495,930801,9308,2,1,12,1984,-3,1998,-3,-3,-3,-3,-3,-3,-3,-3,116.4,86,121.2,92,104.5,61,162
78512,931903,9319,2,1,8,1989,-3,1998,-3,-3,-3,-3,-3,-3,-3,-3,84.0,14,88.8,23,83.8,14,108
78615,944602,9446,2,2,2,1985,-3,1998,-3,-3,-3,-3,-3,-3,-3,-3,102.2,55,114.4,82,85.2,16,161
78709,953002,9530,1,1,1,1990,-3,1998,-3,-3,-3,-3,-3,-3,-3,-3,119.0,90,113.8,82,118.1,88,104
78712,953203,9532,1,1,8,1991,-3,1998,-3,-3,-3,-3,-3,-3,-3,-3,114.3,82,105.3,63,118.8,90,85
78737,956801,9568,2,1,1,1989,-3,1998,-3,-3,-3,-3,-3,-3,-3,-3,102.6,58,102.7,58,101.3,53,115
78738,956802,9568,2,1,7,1991,-3,1998,-3,-3,-3,-3,-3,-3,-3,-3,100.5,50,99.5,47,99.9,50,87
79012,989101,9891,1,1,1,1985,-3,1998,-3,-3,-3,-3,-3,-3,-3,-3,107.6,70,100.8,53,112.8,81,162
79013,989102,9891,1,2,11,1987,-3,1998,-3,-3,-3,-3,-3,-3,-3,-3,112.0,79,114.4,82,104.5,61,129
79032,991602,9916,1,2,5,1987,-3,1998,-3,-3,-3,-3,-3,-3,-3,-3,102.2,55,107.6,70,94.4,34,134
79033,991603,9916,1,2,7,1988,-3,1998,-3,-3,-3,-3,-3,-3,-3,-3,102.2,55,107.6,70,94.4,34,120
80174,1180002,11800,3,2,6,1990,-3,1998,-3,-3,-3,-3,-3,-3,-3,-3,96.4,39,86.0,18,109.5,73,97
80244,1186201,11862,3,1,3,1987,-3,1998,-3,-3,-3,-3,-3,-3,-3,-3,63.2,1,73.7,4,62.7,1,137
80245,1186202,11862,3,2,12,1991,-3,1998,-3,-3,-3,-3,-3,-3,-3,-3,83.0,13,87.6,21,82.7,13,81
80400,1202902,12029,3,2,9,1986,-3,1998,-3,-3,-3,-3,-3,-3,-3,-3,98.7,47,80.5,9,121.2,92,141
80423,1205702,12057,3,1,12,1986,-3,1998,-3,-3,-3,-3,-3,-3,-3,-3,107.6,70,107.6,70,104.5,61,136
80459,1210401,12104,3,1,5,1985,-3,1998,-3,-3,-3,-3,-3,-3,-3,-3,112.0,79,114.4,82,104.5,61,156
80507,1215002,12150,2,1,2,1986,-3,1998,-3,-3,-3,-3,-3,-3,-3,-3,80.9,10,94.0,34,71.0,3,147
80508,1215003,12150,2,1,12,1987,-3,1998,-3,-3,-3,-3,-3,-3,-3,-3,80.9,10,87.2,19,79.4,8,125
81011,18302,183,3,1,12,1987,-3,2000,-3,-3,-3,-3,-3,-3,-3,-3,102.2,55,99.3,47,104.4,61,151
81333,54802,548,3,1,4,1986,-3,2000,-3,-3,-3,-3,-3,-3,-3,-3,84.8,16,72.2,3,104.4,61,173
81690,94201,942,3,1,6,1988,-3,2000,-3,-3,-3,-3,-3,-3,-3,-3,93.5,34,106.1,66,79.5,8,149
81935,119902,1199,3,1,7,1988,-3,2000,-3,-3,-3,-3,-3,-3,-3,-3,89.2,23,85.7,18,96.1,39,144
81995,123601,1236,3,1,12,1992,-3,2000,-3,-3,-3,-3,-3,-3,-3,-3,109.4,73,105.9,66,109.5,75,94
82201,143501,1435,2,2,3,1986,-3,2000,-3,-3,-3,-3,-3,-3,-3,-3,54.4,0,45.0,0,79.5,8,175
82202,143502,1435,2,1,4,1988,-3,2000,-3,-3,-3,-3,-3,-3,-3,-3,71.8,3,58.6,0,96.1,39,150
82203,143503,1435,2,1,12,1989,-3,2000,-3,-3,-3,-3,-3,-3,-3,-3,63.1,1,58.6,0,79.5,8,130
82326,155301,1553,3,2,3,1988,-3,2000,-3,-3,-3,-3,-3,-3,-3,-3,119.6,91,119.6,91,112.7,81,147
82582,182903,1829,2,1,11,1990,-3,2000,-3,-3,32,90,26,30,86,17,96.8,42,108.9,73,82.7,13,116
84091,345701,3457,3,1,5,1989,-3,2000,-3,-3,-3,-3,-3,-3,-3,-3,97.9,45,92.5,32,104.4,61,137
84647,399602,3996,2,2,11,1989,-3,2000,-3,-3,-3,-3,-3,-3,-3,-3,84.8,16,92.5,32,79.5,8,130
85520,493003,4930,3,1,3,1990,-3,2000,-3,-3,-3,-3,-3,-3,-3,-3,110.9,77,112.9,81,104.4,61,124
85940,533803,5338,3,1,7,1987,-3,2000,-3,-3,-3,-3,-3,-3,-3,-3,80.5,9,85.7,18,79.5,8,158
86035,545201,5452,3,2,5,1990,-3,2000,-3,-3,49,110,75,52,112,78,119.6,91,112.2,79,121.0,92,121
86044,545902,5459,3,2,3,1991,-3,2000,-3,-3,-3,-3,-3,-3,-3,-3,92.1,30,108.9,73,73.7,4,110
86586,599803,5998,2,2,7,1992,-3,2000,-3,-3,-3,-3,-3,-3,-3,-3,97.9,45,107.4,68,83.4,13,98
87363,665402,6654,1,2,1,1986,-3,2000,-3,-3,-3,-3,-3,-3,-3,-3,93.5,34,99.3,47,87.8,21,175
88402,770801,7708,2,1,1,1988,-3,2000,-3,-3,-3,-3,-3,-3,-3,-3,67.4,1,78.9,8,62.9,1,153
88790,807801,8078,2,1,12,1991,-3,2000,-3,-3,19,75,5,22,79,8,115.7,86,114.2,82,112.2,79,102
89553,879403,8794,2,1,10,1989,-3,2000,-3,-3,-3,-3,-3,43,95,36,97.9,45,99.3,47,96.1,39,130
91064,1037401,10374,2,1,5,1993,-3,2000,-3,-3,-3,-3,-3,-3,-3,-3,80.4,9,69.8,2,100.2,50,84
91891,1196701,11967,3,1,2,1989,-3,2000,-3,-3,-3,-3,-3,-3,-3,-3,84.8,16,106.1,66,62.9,1,136
91951,1202902,12029,3,2,9,1986,-3,2000,-3,-3,-3,-3,-3,-3,-3,-3,97.9,45,85.7,18,112.7,81,167
94296,200401,2004,3,1,1,1996,-3,2002,-3,-3,-3,-3,-3,-3,-3,-3,115.4,84,115.9,86,110.0,75,78
94969,270602,2706,1,1,1,1993,-3,2002,-3,-3,-3,-3,-3,-3,-3,-3,80.8,10,75.4,5,93.4,32,115
94994,273901,2739,3,1,6,1992,-3,2002,-3,-3,42,100,50,40,97,41,104.8,63,94.7,37,114.8,84,121
95132,290202,2902,3,1,2,1995,-3,2002,-3,-3,46,126,96,40,117,87,112.4,79,108.8,73,112.4,79,89
95266,305403,3054,3,2,9,1991,-3,2002,-3,-3,-3,-3,-3,-3,-3,-3,95.9,39,115.2,84,72.3,3,132
95398,322504,3225,3,1,9,1990,-3,2002,-3,-3,-3,-3,-3,-3,-3,-3,64.6,1,74.1,4,63.8,1,141
95537,337105,3371,2,1,10,1996,-3,2002,-3,-3,-3,-3,-3,-3,-3,-3,78.9,8,77.5,6,88.1,21,70
95736,354408,3544,2,1,2,1990,-3,2002,-3,-3,-3,-3,-3,-3,-3,-3,73.5,4,87.8,21,63.8,1,149
96189,399102,3991,3,1,12,1988,-3,2002,-3,-3,-3,-3,-3,-3,-3,-3,51.2,0,53.6,0,63.8,1,163
96607,443902,4439,3,1,6,1994,-3,2002,-3,-3,-3,-3,-3,-3,-3,-3,100.0,50,104.4,61,94.1,34,99
96691,452601,4526,3,1,2,1997,-3,2002,-3,-3,-3,-3,-3,-3,-3,-3,90.3,25,103.9,61,77.9,7,64
96834,468901,4689,3,2,5,1991,-3,2002,-3,-3,-3,-3,-3,-3,-3,-3,118.2,88,108.3,70,123.3,94,133
97204,505902,5059,2,1,2,1992,-3,2002,-3,-3,43,99,48,74,135,99,73.5,4,81.0,10,72.3,3,125
97582,544201,5442,3,1,2,1991,-3,2002,-3,-3,-3,-3,-3,-3,-3,-3,95.9,39,108.3,70,80.8,10,136
97595,545902,5459,3,2,3,1991,-3,2002,-3,-3,-3,-3,-3,-3,-3,-3,86.9,19,115.2,84,55.3,0,135
98185,604302,6043,2,2,8,1996,-3,2002,-3,-3,-3,-3,-3,-3,-3,-3,84.9,16,103.9,61,67.7,2,70
98288,615401,6154,2,2,12,1988,-3,2002,-3,-3,50,93,32,44,85,16,95.9,39,94.7,37,97.8,45,161
99013,675204,6752,2,2,9,1995,-3,2002,-3,-3,-3,-3,-3,-3,-3,-3,42.3,0,36.2,0,59.2,0,81
100193,795203,7952,1,1,6,1996,-3,2002,-3,-3,-3,-3,-3,-3,-3,-3,97.9,45,108.6,73,84.6,16,73
100911,861202,8612,2,2,2,1989,-3,2002,-3,-3,-3,-3,-3,-3,-3,-3,113.7,82,108.3,70,114.8,84,160
101645,936001,9360,1,1,6,1997,-3,2002,-3,-3,49,135,99,26,135,99,107.1,68,103.9,61,108.4,70,61
102202,997203,9972,1,2,8,1995,-3,2002,-3,-3,-3,-3,-3,-3,-3,-3,45.4,0,49.5,0,50.8,0,82
102557,1031202,10312,1,1,8,1991,-3,2002,-3,-3,-3,-3,-3,-3,-3,-3,86.9,19,94.7,37,80.8,10,130
102615,1037401,10374,2,1,5,1993,-3,2002,-3,-3,27,88,22,-3,-3,-3,90.6,27,90.1,25,93.4,32,108
103397,1191502,11915,3,1,7,1992,-3,2002,-3,-3,-3,-3,-3,-3,-3,-3,109.3,73,108.3,70,106.3,66,120
103560,1209901,12099,3,2,7,1997,-3,2002,-3,-3,-3,-3,-3,-3,-3,-3,117.3,87,112.5,81,116.7,87,59
104072,14303,143,3,2,10,1990,-3,2004,-3,-3,-3,-3,-3,-3,-3,-3,94.8,37,85.0,16,106.9,68,168
104073,14304,143,3,1,10,1990,-3,2004,-3,-3,-3,-3,-3,-3,-3,-3,103.9,61,99.3,47,106.9,68,168
104157,23602,236,3,1,12,1990,-3,2004,-3,-3,-3,-3,-3,-3,-3,-3,90.2,25,85.0,16,98.7,47,164
104158,23603,236,3,1,4,1995,-3,2004,-3,-3,-3,-3,-3,-3,-3,-3,93.4,32,102.6,58,82.3,12,112
104295,38802,388,2,1,5,1990,-3,2004,-3,-3,-3,-3,-3,-3,-3,-3,53.8,0,56.3,0,65.9,1,169
104680,82801,828,3,2,4,1990,-3,2004,-3,-3,71,115,84,65,104,61,103.9,61,99.3,47,106.9,68,171
104813,97402,974,3,1,8,1991,-3,2004,-3,-3,57,106,65,69,115,84,103.9,61,106.5,66,98.7,47,153
105223,137401,1374,3,1,5,1996,-3,2004,-3,-3,28,101,52,33,105,64,117.0,87,109.3,73,120.9,92,98
105224,137402,1374,3,2,7,1998,-3,2004,-3,-3,19,110,75,19,107,68,117.5,87,108.3,70,120.8,92,72
105643,178604,1786,3,1,5,1992,-3,2004,-3,-3,47,95,38,62,110,75,108.4,70,99.3,47,115.1,84,145
106002,216701,2167,3,2,11,1991,-3,2004,-3,-3,-3,-3,-3,-3,-3,-3,108.4,70,120.8,92,90.5,27,154
106675,289202,2892,3,1,8,1997,-3,2004,-3,-3,-3,-3,-3,-3,-3,-3,112.7,81,115.1,84,102.9,58,82
106937,320103,3201,3,1,2,1991,-3,2004,-3,-3,60,106,66,78,125,95,94.8,37,99.3,47,90.5,27,159
106963,324802,3248,3,2,5,1991,-3,2004,-3,-3,-3,-3,-3,-3,-3,-3,99.3,47,92.1,30,106.9,68,155
108657,495603,4956,3,1,2,1996,-3,2004,-3,-3,21,84,15,27,95,36,88.0,21,85.2,16,92.7,32,98
108727,502302,5023,3,1,11,1992,-3,2004,-3,-3,-3,-3,-3,-3,-3,-3,99.3,47,92.1,30,106.9,68,143
109363,569502,5695,3,2,3,1991,-3,2004,-3,-3,-3,-3,-3,-3,-3,-3,117.6,88,120.8,92,106.9,68,158
109736,604302,6043,2,2,8,1996,-3,2004,-3,-3,-3,-3,-3,-3,-3,-3,91.0,27,113.1,81,63.0,1,95
110099,633804,6338,2,2,4,1993,-3,2004,-3,-3,48,102,55,46,97,41,58.3,0,56.3,0,74.1,4,134
110474,666203,6662,1,1,6,1997,-3,2004,-3,-3,21,101,52,26,107,69,105.7,66,98.7,47,111.6,79,86
110671,688102,6881,2,1,11,1992,-3,2004,-3,-3,-3,-3,-3,-3,-3,-3,113.0,81,99.3,47,123.3,94,138
110672,688103,6881,2,2,3,1999,-3,2004,-3,-3,-3,-3,-3,-3,-3,-3,101.6,55,90.7,27,108.4,70,62
111090,730402,7304,2,1,3,1990,-3,2004,-3,-3,28,65,1,23,65,1,103.9,61,92.1,30,115.1,84,170
111555,779101,7791,1,2,11,1990,-3,2004,-3,-3,47,89,23,62,103,59,103.0,58,90.0,25,115.1,84,164
112282,841702,8417,2,1,5,1994,-3,2004,-3,-3,53,116,86,77,135,99,113.0,81,113.6,82,106.9,68,120
112791,894003,8940,1,2,11,1996,-3,2004,-3,-3,21,95,36,21,88,21,105.7,66,91.6,30,121.4,92,91
113741,996604,9966,1,1,7,1994,-3,2004,-3,-3,36,92,30,40,97,41,62.9,1,56.3,0,82.3,12,122
113769,998104,9981,1,2,3,1996,-3,2004,-3,-3,40,110,74,41,110,74,66.3,1,66.7,1,73.9,4,99
114159,1037103,10371,1,1,12,1990,-3,2004,-3,-3,-3,-3,-3,-3,-3,-3,90.2,25,92.1,30,90.5,27,161
114166,1037401,10374,2,1,5,1993,-3,2004,-3,-3,-3,-3,-3,21,65,1,99.3,47,85.0,16,115.1,84,131
114799,1177702,11777,2,1,6,1995,-3,2004,-3,-3,28,88,22,31,91,27,93.4,32,95.3,37,91.7,30,108
114948,1191502,11915,3,1,7,1992,-3,2004,-3,-3,-3,-3,-3,-3,-3,-3,103.0,58,97.9,45,106.9,68,142
114949,1191503,11915,3,1,1,1994,-3,2004,-3,-3,-3,-3,-3,-3,-3,-3,107.5,70,112.9,81,98.7,47,124
115179,1217603,12176,1,1,7,1990,-3,2004,-3,-3,-3,-3,-3,-3,-3,-3,94.8,37,92.1,30,98.7,47,165
115180,1217604,12176,1,1,8,1996,-3,2004,-3,-3,-3,-3,-3,-3,-3,-3,100.8,53,91.6,30,111.6,79,93
115184,1217704,12177,1,1,1,1990,-3,2004,-3,-3,45,84,14,73,114,82,76.6,6,42.0,0,123.3,94,174
116357,96601,966,3,2,2,1997,-3,2006,-3,-3,-3,-3,-3,43,103,59,81.5,10,80.8,10,84.9,16,110
117036,162502,1625,3,1,7,1998,-3,2006,-3,-3,19,82,11,21,82,11,95.3,37,91.1,27,100.9,53,93
117512,212302,2123,3,1,7,1992,-3,2006,-3,-3,-3,-3,-3,-3,-3,-3,119.3,90,117.7,88,113.9,82,164
118164,281001,2810,3,2,7,1996,-3,2006,-3,-3,-3,-3,-3,-3,-3,-3,101.0,53,97.6,45,103.3,58,115
120242,498902,4989,3,1,9,1997,-3,2006,-3,-3,-3,-3,-3,-3,-3,-3,125.7,96,119.4,90,122.9,94,103
120347,509803,5098,3,1,8,1992,-3,2006,-3,-3,-3,-3,-3,-3,-3,-3,53.2,0,66.6,1,51.7,0,163
122899,752502,7525,2,2,5,1998,-3,2006,-3,-3,40,114,82,37,110,75,86.9,19,97.4,42,73.2,4,95
123155,782802,7828,1,1,8,1993,-3,2006,-3,-3,-3,-3,-3,-3,-3,-3,79.6,9,73.9,4,90.5,27,156
123565,819805,8198,1,2,11,1992,-3,2006,-3,-3,-3,-3,-3,-3,-3,-3,66.4,1,37.4,0,106.1,66,164
127860,90004,900,3,1,12,1997,-3,2008,-3,-3,19,65,1,33,86,17,108.0,70,95.9,39,115.8,86,122
128129,118403,1184,3,1,3,1999,-3,2008,-3,-3,-3,-3,-3,-3,-3,-3,113.6,82,113.9,82,111.3,77,111
128586,162501,1625,3,2,3,1996,-3,2008,-3,-3,-3,-3,-3,-3,-3,-3,99.2,47,95.9,39,101.3,53,146
128587,162502,1625,3,1,7,1998,-3,2008,-3,-3,-3,-3,-3,-3,-3,-3,93.5,32,89.9,25,95.8,39,118
130675,379103,3791,3,1,8,1995,-3,2008,-3,-3,-3,-3,-3,-3,-3,-3,108.0,70,119.5,91,94.1,34,152
131437,463104,4631,3,2,4,2001,-3,2008,-3,-3,24,103,58,29,108,70,118.5,90,111.6,79,119.8,91,81
132773,597603,5976,2,1,10,2002,-3,2008,-3,-3,-3,-3,-3,-3,-3,-3,62.6,1,67.5,2,66.5,1,66
132817,602701,6027,2,2,11,2002,-3,2008,-3,-3,-3,-3,-3,-3,-3,-3,92.3,30,95.1,37,90.9,27,65
133787,691501,6915,1,1,11,2000,-3,2008,-3,-3,27,99,47,26,96,39,99.4,47,89.4,23,112.0,79,98
134995,807802,8078,2,2,7,1996,-3,2008,-3,-3,-3,-3,-3,-3,-3,-3,121.1,92,119.5,91,115.8,86,146
135930,896502,8965,1,1,5,1994,-3,2008,-3,-3,-3,-3,-3,-3,-3,-3,98.3,45,72.3,3,123.1,94,176
137211,1031203,10312,1,2,4,2001,-3,2008,-3,-3,-3,-3,-3,-3,-3,-3,66.9,1,69.1,2,76.4,5,82
137899,1177402,11774,3,1,6,1995,-3,2008,-3,-3,-3,-3,-3,-3,-3,-3,66.3,1,59.7,0,79.6,9,155
138289,1217707,12177,1,1,9,1995,-3,2008,-3,-3,-3,-3,-3,-3,-3,-3,59.7,0,72.3,3,57.9,0,156
139411,90004,900,3,1,12,1997,-3,2010,-3,-3,19,65,1,34,77,6,93.1,32,89.4,23,98.4,45,145
139680,118403,1184,3,1,3,1999,-3,2010,-3,-3,-3,-3,-3,-3,-3,-3,120.2,91,119.2,90,115.0,84,133
141741,337105,3371,2,1,10,1996,-3,2010,-3,-3,-3,-3,-3,-3,-3,-3,63.7,1,74.6,5,61.0,0,159
143338,498103,4981,1,2,6,1999,-3,2010,-3,-3,48,102,55,48,99,47,111.1,77,111.8,79,106.7,68,127
144324,597603,5976,2,1,10,2002,-3,2010,-3,-3,-3,-3,-3,-3,-3,-3,78.4,7,88.1,21,75.3,5,91
144962,651501,6515,2,1,3,1996,-3,2010,-3,-3,-3,-3,-3,-3,-3,-3,93.1,32,89.4,23,98.4,45,171
146001,752502,7525,2,2,5,1998,-3,2010,-3,-3,45,91,28,39,82,12,84.0,14,89.4,23,81.8,12,140
146732,826904,8269,1,2,7,1996,-3,2010,-3,-3,29,69,2,47,88,21,57.0,0,44.8,0,81.8,12,166
146733,826905,8269,1,1,11,1998,-3,2010,-3,-3,44,93,32,44,91,28,57.0,0,67.1,1,56.9,0,138
147810,931203,9312,1,2,11,2000,-3,2010,-3,-3,-3,-3,-3,-3,-3,-3,78.4,7,70.7,3,92.9,32,110
151155,111703,1117,1,1,12,2000,-3,2012,-3,-3,51,102,54,69,117,87,116.9,87,119.0,90,107.1,68,140
155875,597603,5976,2,1,10,2002,-3,2012,-3,-3,-3,-3,-3,-3,-3,-3,48.9,0,76.6,6,32.1,0,121
156889,691501,6915,1,1,11,2000,-3,2012,-3,-3,-3,-3,-3,-3,-3,-3,89.7,25,97.8,45,82.1,12,152
158578,851103,8511,2,2,7,1998,-3,2012,-3,-3,-3,-3,-3,-3,-3,-3,102.4,55,88.6,23,115.5,84,180
165649,415303,4153,3,1,6,2004,-3,2014,-3,-3,-3,-3,-3,63,118,88,91.2,27,89.3,23,90.2,25,125
171156,957603,9576,1,2,5,2003,-3,2014,-3,-3,-3,-3,-3,-3,-3,-3,120.0,91,118.7,90,113.6,82,140
